[
    {
        "model": "auth.permission",
        "pk": 1,
        "fields": {
            "name": "Can add log entry",
            "content_type": 1,
            "codename": "add_logentry"
        }
    },
    {
        "model": "auth.permission",
        "pk": 2,
        "fields": {
            "name": "Can change log entry",
            "content_type": 1,
            "codename": "change_logentry"
        }
    },
    {
        "model": "auth.permission",
        "pk": 3,
        "fields": {
            "name": "Can delete log entry",
            "content_type": 1,
            "codename": "delete_logentry"
        }
    },
    {
        "model": "auth.permission",
        "pk": 4,
        "fields": {
            "name": "Can view log entry",
            "content_type": 1,
            "codename": "view_logentry"
        }
    },
    {
        "model": "auth.permission",
        "pk": 5,
        "fields": {
            "name": "Can add permission",
            "content_type": 2,
            "codename": "add_permission"
        }
    },
    {
        "model": "auth.permission",
        "pk": 6,
        "fields": {
            "name": "Can change permission",
            "content_type": 2,
            "codename": "change_permission"
        }
    },
    {
        "model": "auth.permission",
        "pk": 7,
        "fields": {
            "name": "Can delete permission",
            "content_type": 2,
            "codename": "delete_permission"
        }
    },
    {
        "model": "auth.permission",
        "pk": 8,
        "fields": {
            "name": "Can view permission",
            "content_type": 2,
            "codename": "view_permission"
        }
    },
    {
        "model": "auth.permission",
        "pk": 9,
        "fields": {
            "name": "Can add group",
            "content_type": 3,
            "codename": "add_group"
        }
    },
    {
        "model": "auth.permission",
        "pk": 10,
        "fields": {
            "name": "Can change group",
            "content_type": 3,
            "codename": "change_group"
        }
    },
    {
        "model": "auth.permission",
        "pk": 11,
        "fields": {
            "name": "Can delete group",
            "content_type": 3,
            "codename": "delete_group"
        }
    },
    {
        "model": "auth.permission",
        "pk": 12,
        "fields": {
            "name": "Can view group",
            "content_type": 3,
            "codename": "view_group"
        }
    },
    {
        "model": "auth.permission",
        "pk": 13,
        "fields": {
            "name": "Can add user",
            "content_type": 4,
            "codename": "add_user"
        }
    },
    {
        "model": "auth.permission",
        "pk": 14,
        "fields": {
            "name": "Can change user",
            "content_type": 4,
            "codename": "change_user"
        }
    },
    {
        "model": "auth.permission",
        "pk": 15,
        "fields": {
            "name": "Can delete user",
            "content_type": 4,
            "codename": "delete_user"
        }
    },
    {
        "model": "auth.permission",
        "pk": 16,
        "fields": {
            "name": "Can view user",
            "content_type": 4,
            "codename": "view_user"
        }
    },
    {
        "model": "auth.permission",
        "pk": 17,
        "fields": {
            "name": "Can add content type",
            "content_type": 5,
            "codename": "add_contenttype"
        }
    },
    {
        "model": "auth.permission",
        "pk": 18,
        "fields": {
            "name": "Can change content type",
            "content_type": 5,
            "codename": "change_contenttype"
        }
    },
    {
        "model": "auth.permission",
        "pk": 19,
        "fields": {
            "name": "Can delete content type",
            "content_type": 5,
            "codename": "delete_contenttype"
        }
    },
    {
        "model": "auth.permission",
        "pk": 20,
        "fields": {
            "name": "Can view content type",
            "content_type": 5,
            "codename": "view_contenttype"
        }
    },
    {
        "model": "auth.permission",
        "pk": 21,
        "fields": {
            "name": "Can add session",
            "content_type": 6,
            "codename": "add_session"
        }
    },
    {
        "model": "auth.permission",
        "pk": 22,
        "fields": {
            "name": "Can change session",
            "content_type": 6,
            "codename": "change_session"
        }
    },
    {
        "model": "auth.permission",
        "pk": 23,
        "fields": {
            "name": "Can delete session",
            "content_type": 6,
            "codename": "delete_session"
        }
    },
    {
        "model": "auth.permission",
        "pk": 24,
        "fields": {
            "name": "Can view session",
            "content_type": 6,
            "codename": "view_session"
        }
    },
    {
        "model": "auth.permission",
        "pk": 25,
        "fields": {
            "name": "Can add expertise",
            "content_type": 7,
            "codename": "add_expertise"
        }
    },
    {
        "model": "auth.permission",
        "pk": 26,
        "fields": {
            "name": "Can change expertise",
            "content_type": 7,
            "codename": "change_expertise"
        }
    },
    {
        "model": "auth.permission",
        "pk": 27,
        "fields": {
            "name": "Can delete expertise",
            "content_type": 7,
            "codename": "delete_expertise"
        }
    },
    {
        "model": "auth.permission",
        "pk": 28,
        "fields": {
            "name": "Can view expertise",
            "content_type": 7,
            "codename": "view_expertise"
        }
    },
    {
        "model": "auth.permission",
        "pk": 29,
        "fields": {
            "name": "Can add graduation",
            "content_type": 8,
            "codename": "add_graduation"
        }
    },
    {
        "model": "auth.permission",
        "pk": 30,
        "fields": {
            "name": "Can change graduation",
            "content_type": 8,
            "codename": "change_graduation"
        }
    },
    {
        "model": "auth.permission",
        "pk": 31,
        "fields": {
            "name": "Can delete graduation",
            "content_type": 8,
            "codename": "delete_graduation"
        }
    },
    {
        "model": "auth.permission",
        "pk": 32,
        "fields": {
            "name": "Can view graduation",
            "content_type": 8,
            "codename": "view_graduation"
        }
    },
    {
        "model": "auth.permission",
        "pk": 33,
        "fields": {
            "name": "Can add marital status",
            "content_type": 9,
            "codename": "add_maritalstatus"
        }
    },
    {
        "model": "auth.permission",
        "pk": 34,
        "fields": {
            "name": "Can change marital status",
            "content_type": 9,
            "codename": "change_maritalstatus"
        }
    },
    {
        "model": "auth.permission",
        "pk": 35,
        "fields": {
            "name": "Can delete marital status",
            "content_type": 9,
            "codename": "delete_maritalstatus"
        }
    },
    {
        "model": "auth.permission",
        "pk": 36,
        "fields": {
            "name": "Can view marital status",
            "content_type": 9,
            "codename": "view_maritalstatus"
        }
    },
    {
        "model": "auth.permission",
        "pk": 37,
        "fields": {
            "name": "Can add otp session",
            "content_type": 10,
            "codename": "add_otpsession"
        }
    },
    {
        "model": "auth.permission",
        "pk": 38,
        "fields": {
            "name": "Can change otp session",
            "content_type": 10,
            "codename": "change_otpsession"
        }
    },
    {
        "model": "auth.permission",
        "pk": 39,
        "fields": {
            "name": "Can delete otp session",
            "content_type": 10,
            "codename": "delete_otpsession"
        }
    },
    {
        "model": "auth.permission",
        "pk": 40,
        "fields": {
            "name": "Can view otp session",
            "content_type": 10,
            "codename": "view_otpsession"
        }
    },
    {
        "model": "auth.permission",
        "pk": 41,
        "fields": {
            "name": "Can add post graduation",
            "content_type": 11,
            "codename": "add_postgraduation"
        }
    },
    {
        "model": "auth.permission",
        "pk": 42,
        "fields": {
            "name": "Can change post graduation",
            "content_type": 11,
            "codename": "change_postgraduation"
        }
    },
    {
        "model": "auth.permission",
        "pk": 43,
        "fields": {
            "name": "Can delete post graduation",
            "content_type": 11,
            "codename": "delete_postgraduation"
        }
    },
    {
        "model": "auth.permission",
        "pk": 44,
        "fields": {
            "name": "Can view post graduation",
            "content_type": 11,
            "codename": "view_postgraduation"
        }
    },
    {
        "model": "auth.permission",
        "pk": 45,
        "fields": {
            "name": "Can add religion",
            "content_type": 12,
            "codename": "add_religion"
        }
    },
    {
        "model": "auth.permission",
        "pk": 46,
        "fields": {
            "name": "Can change religion",
            "content_type": 12,
            "codename": "change_religion"
        }
    },
    {
        "model": "auth.permission",
        "pk": 47,
        "fields": {
            "name": "Can delete religion",
            "content_type": 12,
            "codename": "delete_religion"
        }
    },
    {
        "model": "auth.permission",
        "pk": 48,
        "fields": {
            "name": "Can view religion",
            "content_type": 12,
            "codename": "view_religion"
        }
    },
    {
        "model": "auth.permission",
        "pk": 49,
        "fields": {
            "name": "Can add user",
            "content_type": 13,
            "codename": "add_user"
        }
    },
    {
        "model": "auth.permission",
        "pk": 50,
        "fields": {
            "name": "Can change user",
            "content_type": 13,
            "codename": "change_user"
        }
    },
    {
        "model": "auth.permission",
        "pk": 51,
        "fields": {
            "name": "Can delete user",
            "content_type": 13,
            "codename": "delete_user"
        }
    },
    {
        "model": "auth.permission",
        "pk": 52,
        "fields": {
            "name": "Can view user",
            "content_type": 13,
            "codename": "view_user"
        }
    },
    {
        "model": "auth.permission",
        "pk": 53,
        "fields": {
            "name": "Can add user post graduation",
            "content_type": 14,
            "codename": "add_userpostgraduation"
        }
    },
    {
        "model": "auth.permission",
        "pk": 54,
        "fields": {
            "name": "Can change user post graduation",
            "content_type": 14,
            "codename": "change_userpostgraduation"
        }
    },
    {
        "model": "auth.permission",
        "pk": 55,
        "fields": {
            "name": "Can delete user post graduation",
            "content_type": 14,
            "codename": "delete_userpostgraduation"
        }
    },
    {
        "model": "auth.permission",
        "pk": 56,
        "fields": {
            "name": "Can view user post graduation",
            "content_type": 14,
            "codename": "view_userpostgraduation"
        }
    },
    {
        "model": "auth.permission",
        "pk": 57,
        "fields": {
            "name": "Can add seen user",
            "content_type": 15,
            "codename": "add_seenuser"
        }
    },
    {
        "model": "auth.permission",
        "pk": 58,
        "fields": {
            "name": "Can change seen user",
            "content_type": 15,
            "codename": "change_seenuser"
        }
    },
    {
        "model": "auth.permission",
        "pk": 59,
        "fields": {
            "name": "Can delete seen user",
            "content_type": 15,
            "codename": "delete_seenuser"
        }
    },
    {
        "model": "auth.permission",
        "pk": 60,
        "fields": {
            "name": "Can view seen user",
            "content_type": 15,
            "codename": "view_seenuser"
        }
    },
    {
        "model": "auth.permission",
        "pk": 61,
        "fields": {
            "name": "Can add saved user",
            "content_type": 16,
            "codename": "add_saveduser"
        }
    },
    {
        "model": "auth.permission",
        "pk": 62,
        "fields": {
            "name": "Can change saved user",
            "content_type": 16,
            "codename": "change_saveduser"
        }
    },
    {
        "model": "auth.permission",
        "pk": 63,
        "fields": {
            "name": "Can delete saved user",
            "content_type": 16,
            "codename": "delete_saveduser"
        }
    },
    {
        "model": "auth.permission",
        "pk": 64,
        "fields": {
            "name": "Can view saved user",
            "content_type": 16,
            "codename": "view_saveduser"
        }
    },
    {
        "model": "auth.permission",
        "pk": 65,
        "fields": {
            "name": "Can add partner religion preference",
            "content_type": 17,
            "codename": "add_partnerreligionpreference"
        }
    },
    {
        "model": "auth.permission",
        "pk": 66,
        "fields": {
            "name": "Can change partner religion preference",
            "content_type": 17,
            "codename": "change_partnerreligionpreference"
        }
    },
    {
        "model": "auth.permission",
        "pk": 67,
        "fields": {
            "name": "Can delete partner religion preference",
            "content_type": 17,
            "codename": "delete_partnerreligionpreference"
        }
    },
    {
        "model": "auth.permission",
        "pk": 68,
        "fields": {
            "name": "Can view partner religion preference",
            "content_type": 17,
            "codename": "view_partnerreligionpreference"
        }
    },
    {
        "model": "auth.permission",
        "pk": 69,
        "fields": {
            "name": "Can add partner marital status preference",
            "content_type": 18,
            "codename": "add_partnermaritalstatuspreference"
        }
    },
    {
        "model": "auth.permission",
        "pk": 70,
        "fields": {
            "name": "Can change partner marital status preference",
            "content_type": 18,
            "codename": "change_partnermaritalstatuspreference"
        }
    },
    {
        "model": "auth.permission",
        "pk": 71,
        "fields": {
            "name": "Can delete partner marital status preference",
            "content_type": 18,
            "codename": "delete_partnermaritalstatuspreference"
        }
    },
    {
        "model": "auth.permission",
        "pk": 72,
        "fields": {
            "name": "Can view partner marital status preference",
            "content_type": 18,
            "codename": "view_partnermaritalstatuspreference"
        }
    },
    {
        "model": "auth.permission",
        "pk": 73,
        "fields": {
            "name": "Can add partner expertise preference",
            "content_type": 19,
            "codename": "add_partnerexpertisepreference"
        }
    },
    {
        "model": "auth.permission",
        "pk": 74,
        "fields": {
            "name": "Can change partner expertise preference",
            "content_type": 19,
            "codename": "change_partnerexpertisepreference"
        }
    },
    {
        "model": "auth.permission",
        "pk": 75,
        "fields": {
            "name": "Can delete partner expertise preference",
            "content_type": 19,
            "codename": "delete_partnerexpertisepreference"
        }
    },
    {
        "model": "auth.permission",
        "pk": 76,
        "fields": {
            "name": "Can view partner expertise preference",
            "content_type": 19,
            "codename": "view_partnerexpertisepreference"
        }
    },
    {
        "model": "auth.permission",
        "pk": 77,
        "fields": {
            "name": "Can add linked account",
            "content_type": 20,
            "codename": "add_linkedaccount"
        }
    },
    {
        "model": "auth.permission",
        "pk": 78,
        "fields": {
            "name": "Can change linked account",
            "content_type": 20,
            "codename": "change_linkedaccount"
        }
    },
    {
        "model": "auth.permission",
        "pk": 79,
        "fields": {
            "name": "Can delete linked account",
            "content_type": 20,
            "codename": "delete_linkedaccount"
        }
    },
    {
        "model": "auth.permission",
        "pk": 80,
        "fields": {
            "name": "Can view linked account",
            "content_type": 20,
            "codename": "view_linkedaccount"
        }
    },
    {
        "model": "auth.permission",
        "pk": 81,
        "fields": {
            "name": "Can add intrest",
            "content_type": 21,
            "codename": "add_intrest"
        }
    },
    {
        "model": "auth.permission",
        "pk": 82,
        "fields": {
            "name": "Can change intrest",
            "content_type": 21,
            "codename": "change_intrest"
        }
    },
    {
        "model": "auth.permission",
        "pk": 83,
        "fields": {
            "name": "Can delete intrest",
            "content_type": 21,
            "codename": "delete_intrest"
        }
    },
    {
        "model": "auth.permission",
        "pk": 84,
        "fields": {
            "name": "Can view intrest",
            "content_type": 21,
            "codename": "view_intrest"
        }
    },
    {
        "model": "auth.permission",
        "pk": 85,
        "fields": {
            "name": "Can add connection list",
            "content_type": 22,
            "codename": "add_connectionlist"
        }
    },
    {
        "model": "auth.permission",
        "pk": 86,
        "fields": {
            "name": "Can change connection list",
            "content_type": 22,
            "codename": "change_connectionlist"
        }
    },
    {
        "model": "auth.permission",
        "pk": 87,
        "fields": {
            "name": "Can delete connection list",
            "content_type": 22,
            "codename": "delete_connectionlist"
        }
    },
    {
        "model": "auth.permission",
        "pk": 88,
        "fields": {
            "name": "Can view connection list",
            "content_type": 22,
            "codename": "view_connectionlist"
        }
    },
    {
        "model": "auth.permission",
        "pk": 89,
        "fields": {
            "name": "Can add blocked users",
            "content_type": 23,
            "codename": "add_blockedusers"
        }
    },
    {
        "model": "auth.permission",
        "pk": 90,
        "fields": {
            "name": "Can change blocked users",
            "content_type": 23,
            "codename": "change_blockedusers"
        }
    },
    {
        "model": "auth.permission",
        "pk": 91,
        "fields": {
            "name": "Can delete blocked users",
            "content_type": 23,
            "codename": "delete_blockedusers"
        }
    },
    {
        "model": "auth.permission",
        "pk": 92,
        "fields": {
            "name": "Can view blocked users",
            "content_type": 23,
            "codename": "view_blockedusers"
        }
    },
    {
        "model": "auth.permission",
        "pk": 93,
        "fields": {
            "name": "Can add auth token",
            "content_type": 24,
            "codename": "add_authtoken"
        }
    },
    {
        "model": "auth.permission",
        "pk": 94,
        "fields": {
            "name": "Can change auth token",
            "content_type": 24,
            "codename": "change_authtoken"
        }
    },
    {
        "model": "auth.permission",
        "pk": 95,
        "fields": {
            "name": "Can delete auth token",
            "content_type": 24,
            "codename": "delete_authtoken"
        }
    },
    {
        "model": "auth.permission",
        "pk": 96,
        "fields": {
            "name": "Can view auth token",
            "content_type": 24,
            "codename": "view_authtoken"
        }
    },
    {
        "model": "auth.permission",
        "pk": 97,
        "fields": {
            "name": "Can add search result",
            "content_type": 25,
            "codename": "add_searchresult"
        }
    },
    {
        "model": "auth.permission",
        "pk": 98,
        "fields": {
            "name": "Can change search result",
            "content_type": 25,
            "codename": "change_searchresult"
        }
    },
    {
        "model": "auth.permission",
        "pk": 99,
        "fields": {
            "name": "Can delete search result",
            "content_type": 25,
            "codename": "delete_searchresult"
        }
    },
    {
        "model": "auth.permission",
        "pk": 100,
        "fields": {
            "name": "Can view search result",
            "content_type": 25,
            "codename": "view_searchresult"
        }
    },
    {
        "model": "auth.permission",
        "pk": 101,
        "fields": {
            "name": "Can add profile view",
            "content_type": 26,
            "codename": "add_profileview"
        }
    },
    {
        "model": "auth.permission",
        "pk": 102,
        "fields": {
            "name": "Can change profile view",
            "content_type": 26,
            "codename": "change_profileview"
        }
    },
    {
        "model": "auth.permission",
        "pk": 103,
        "fields": {
            "name": "Can delete profile view",
            "content_type": 26,
            "codename": "delete_profileview"
        }
    },
    {
        "model": "auth.permission",
        "pk": 104,
        "fields": {
            "name": "Can view profile view",
            "content_type": 26,
            "codename": "view_profileview"
        }
    },
    {
        "model": "auth.user",
        "pk": 1,
        "fields": {
            "password": "pbkdf2_sha256$600000$RWPXCrUF9fraJ5GVX19dD6$g3Sib6SnjEDp3fc3+d5nAEoW6Liww8dAqxqW63jGAjE=",
            "last_login": "2023-11-08T04:54:38.855Z",
            "is_superuser": true,
            "username": "admin",
            "first_name": "",
            "last_name": "",
            "email": "",
            "is_staff": true,
            "is_active": true,
            "date_joined": "2023-11-08T04:48:45.069Z",
            "groups": [],
            "user_permissions": []
        }
    },
    {
        "model": "contenttypes.contenttype",
        "id": 1,
        "fields": {
            "app_label": "admin",
            "model": "logentry"
        }
    },
    {
        "model": "contenttypes.contenttype",
        "id": 2,
        "fields": {
            "app_label": "auth",
            "model": "permission"
        }
    },
    {
        "model": "contenttypes.contenttype",
        "id": 3,
        "fields": {
            "app_label": "auth",
            "model": "group"
        }
    },
    {
        "model": "contenttypes.contenttype",
        "id": 4,
        "fields": {
            "app_label": "auth",
            "model": "user"
        }
    },
    {
        "model": "contenttypes.contenttype",
        "id": 5,
        "fields": {
            "app_label": "contenttypes",
            "model": "contenttype"
        }
    },
    {
        "model": "contenttypes.contenttype",
        "id": 6,
        "fields": {
            "app_label": "sessions",
            "model": "session"
        }
    },
    {
        "model": "contenttypes.contenttype",
        "id": 7,
        "fields": {
            "app_label": "users",
            "model": "expertise"
        }
    },
    {
        "model": "contenttypes.contenttype",
        "id": 8,
        "fields": {
            "app_label": "users",
            "model": "graduation"
        }
    },
    {
        "model": "contenttypes.contenttype",
        "id": 9,
        "fields": {
            "app_label": "users",
            "model": "maritalstatus"
        }
    },
    {
        "model": "contenttypes.contenttype",
        "id": 10,
        "fields": {
            "app_label": "users",
            "model": "otpsession"
        }
    },
    {
        "model": "contenttypes.contenttype",
        "id": 11,
        "fields": {
            "app_label": "users",
            "model": "postgraduation"
        }
    },
    {
        "model": "contenttypes.contenttype",
        "id": 12,
        "fields": {
            "app_label": "users",
            "model": "religion"
        }
    },
    {
        "model": "contenttypes.contenttype",
        "id": 13,
        "fields": {
            "app_label": "users",
            "model": "user"
        }
    },
    {
        "model": "contenttypes.contenttype",
        "id": 14,
        "fields": {
            "app_label": "users",
            "model": "userpostgraduation"
        }
    },
    {
        "model": "contenttypes.contenttype",
        "id": 15,
        "fields": {
            "app_label": "users",
            "model": "seenuser"
        }
    },
    {
        "model": "contenttypes.contenttype",
        "id": 16,
        "fields": {
            "app_label": "users",
            "model": "saveduser"
        }
    },
    {
        "model": "contenttypes.contenttype",
        "id": 17,
        "fields": {
            "app_label": "users",
            "model": "partnerreligionpreference"
        }
    },
    {
        "model": "contenttypes.contenttype",
        "id": 18,
        "fields": {
            "app_label": "users",
            "model": "partnermaritalstatuspreference"
        }
    },
    {
        "model": "contenttypes.contenttype",
        "id": 19,
        "fields": {
            "app_label": "users",
            "model": "partnerexpertisepreference"
        }
    },
    {
        "model": "contenttypes.contenttype",
        "id": 20,
        "fields": {
            "app_label": "users",
            "model": "linkedaccount"
        }
    },
    {
        "model": "contenttypes.contenttype",
        "id": 21,
        "fields": {
            "app_label": "users",
            "model": "intrest"
        }
    },
    {
        "model": "contenttypes.contenttype",
        "id": 22,
        "fields": {
            "app_label": "users",
            "model": "connectionlist"
        }
    },
    {
        "model": "contenttypes.contenttype",
        "id": 23,
        "fields": {
            "app_label": "users",
            "model": "blockedusers"
        }
    },
    {
        "model": "contenttypes.contenttype",
        "id": 24,
        "fields": {
            "app_label": "users",
            "model": "authtoken"
        }
    },
    {
        "model": "contenttypes.contenttype",
        "id": 25,
        "fields": {
            "app_label": "search",
            "model": "searchresult"
        }
    },
    {
        "model": "contenttypes.contenttype",
        "id": 26,
        "fields": {
            "app_label": "users",
            "model": "profileview"
        }
    },
    {
        "model": "sessions.session",
        "pk": "dmckt2xyk2p8gq7cekdf65bcvjofvhfy",
        "fields": {
            "session_data": ".eJxVjDEOwjAMRe-SGUWxSOyUkZ0zVE5skQJKpKadKu4OlTrA-t97fzMjr0sZ167zOIm5GDCn3y1xfmrdgTy43pvNrS7zlOyu2IN2e2uir-vh_h0U7uVbZyElzhiBVBMLQaABUWkQPmMGD6CRCSESBu-YgofoODoRFoBg3h_qrTd5:1r0aaM:CHrtkLvts-vDBnTTilqLl-PsTt0NVMCdpuSpUhsZpPM",
            "expire_date": "2023-11-22T04:54:38.857Z"
        }
    },
    {
        "model": "users.expertise",
        "pk": 1,
        "fields": {
            "name": "Medicine & Surgery"
        }
    },
    {
        "model": "users.expertise",
        "pk": 2,
        "fields": {
            "name": "Dental Surgery"
        }
    },
    {
        "model": "users.expertise",
        "pk": 3,
        "fields": {
            "name": "Ayurvedic"
        }
    },
    {
        "model": "users.expertise",
        "pk": 4,
        "fields": {
            "name": "Homeopathy"
        }
    },
    {
        "model": "users.expertise",
        "pk": 5,
        "fields": {
            "name": "Physiotherapy"
        }
    },
    {
        "model": "users.expertise",
        "pk": 6,
        "fields": {
            "name": "Clinical Psychology"
        }
    },
    {
        "model": "users.expertise",
        "pk": 7,
        "fields": {
            "name": "Veterinary"
        }
    },
    {
        "model": "users.expertise",
        "pk": 8,
        "fields": {
            "name": "Audiology & Speech"
        }
    },
    {
        "model": "users.graduation",
        "pk": 1,
        "fields": {
            "expertise_obj": 1,
            "name": "MBBS"
        }
    },
    {
        "model": "users.graduation",
        "pk": 2,
        "fields": {
            "expertise_obj": 1,
            "name": "MD from USA"
        }
    },
    {
        "model": "users.graduation",
        "pk": 3,
        "fields": {
            "expertise_obj": 2,
            "name": "BDS"
        }
    },
    {
        "model": "users.graduation",
        "pk": 4,
        "fields": {
            "expertise_obj": 3,
            "name": "BAMS"
        }
    },
    {
        "model": "users.graduation",
        "pk": 5,
        "fields": {
            "expertise_obj": 4,
            "name": "BHMS"
        }
    },
    {
        "model": "users.graduation",
        "pk": 6,
        "fields": {
            "expertise_obj": 5,
            "name": "BOT"
        }
    },
    {
        "model": "users.graduation",
        "pk": 7,
        "fields": {
            "expertise_obj": 5,
            "name": "Bach of Physiotherapy"
        }
    },
    {
        "model": "users.graduation",
        "pk": 8,
        "fields": {
            "expertise_obj": 6,
            "name": "BA in clinical psychology"
        }
    },
    {
        "model": "users.graduation",
        "pk": 9,
        "fields": {
            "expertise_obj": 7,
            "name": "Bachelor in Veterinary Science"
        }
    },
    {
        "model": "users.graduation",
        "pk": 10,
        "fields": {
            "expertise_obj": 7,
            "name": "Doctor in Veterinary Medicine"
        }
    },
    {
        "model": "users.graduation",
        "pk": 11,
        "fields": {
            "expertise_obj": 8,
            "name": "Bachelor in Audiology and Speech"
        }
    },
    {
        "model": "users.postgraduation",
        "pk": 1,
        "fields": {
            "graduation_obj": 1,
            "name": "MD"
        }
    },
    {
        "model": "users.postgraduation",
        "pk": 2,
        "fields": {
            "graduation_obj": 1,
            "name": "MS"
        }
    },
    {
        "model": "users.postgraduation",
        "pk": 3,
        "fields": {
            "graduation_obj": 1,
            "name": "DNB"
        }
    },
    {
        "model": "users.postgraduation",
        "pk": 4,
        "fields": {
            "graduation_obj": 1,
            "name": "Mch"
        }
    },
    {
        "model": "users.postgraduation",
        "pk": 5,
        "fields": {
            "graduation_obj": 1,
            "name": "Diploma"
        }
    },
    {
        "model": "users.postgraduation",
        "pk": 6,
        "fields": {
            "graduation_obj": 1,
            "name": "Others"
        }
    },
    {
        "model": "users.postgraduation",
        "pk": 7,
        "fields": {
            "graduation_obj": 1,
            "name": "Residency"
        }
    },
    {
        "model": "users.postgraduation",
        "pk": 8,
        "fields": {
            "graduation_obj": 2,
            "name": "MS"
        }
    },
    {
        "model": "users.postgraduation",
        "pk": 9,
        "fields": {
            "graduation_obj": 2,
            "name": "DM"
        }
    },
    {
        "model": "users.postgraduation",
        "pk": 10,
        "fields": {
            "graduation_obj": 2,
            "name": "DNB"
        }
    },
    {
        "model": "users.postgraduation",
        "pk": 11,
        "fields": {
            "graduation_obj": 2,
            "name": "Mch"
        }
    },
    {
        "model": "users.postgraduation",
        "pk": 12,
        "fields": {
            "graduation_obj": 2,
            "name": "Diploma"
        }
    },
    {
        "model": "users.postgraduation",
        "pk": 13,
        "fields": {
            "graduation_obj": 2,
            "name": "Others"
        }
    },
    {
        "model": "users.postgraduation",
        "pk": 14,
        "fields": {
            "graduation_obj": 2,
            "name": "Residency"
        }
    },
    {
        "model": "users.postgraduation",
        "pk": 15,
        "fields": {
            "graduation_obj": 2,
            "name": "Fellowship"
        }
    },
    {
        "model": "users.postgraduation",
        "pk": 16,
        "fields": {
            "graduation_obj": 3,
            "name": ""
        }
    },
    {
        "model": "users.postgraduation",
        "pk": 17,
        "fields": {
            "graduation_obj": 4,
            "name": "MD/MS Ayurveda"
        }
    },
    {
        "model": "users.postgraduation",
        "pk": 18,
        "fields": {
            "graduation_obj": 4,
            "name": "Diploma"
        }
    },
    {
        "model": "users.postgraduation",
        "pk": 19,
        "fields": {
            "graduation_obj": 4,
            "name": "Others"
        }
    },
    {
        "model": "users.postgraduation",
        "pk": 20,
        "fields": {
            "graduation_obj": 5,
            "name": "MD Homeopathy"
        }
    },
    {
        "model": "users.postgraduation",
        "pk": 21,
        "fields": {
            "graduation_obj": 5,
            "name": "Diploma"
        }
    },
    {
        "model": "users.postgraduation",
        "pk": 22,
        "fields": {
            "graduation_obj": 5,
            "name": "Others"
        }
    },
    {
        "model": "users.postgraduation",
        "pk": 23,
        "fields": {
            "graduation_obj": 6,
            "name": "Masters of Physiotherapy"
        }
    },
    {
        "model": "users.postgraduation",
        "pk": 24,
        "fields": {
            "graduation_obj": 6,
            "name": "Diploma"
        }
    },
    {
        "model": "users.postgraduation",
        "pk": 25,
        "fields": {
            "graduation_obj": 6,
            "name": "Others"
        }
    },
    {
        "model": "users.postgraduation",
        "pk": 26,
        "fields": {
            "graduation_obj": 7,
            "name": "Masters of Physiotherapy"
        }
    },
    {
        "model": "users.postgraduation",
        "pk": 27,
        "fields": {
            "graduation_obj": 7,
            "name": "Diploma"
        }
    },
    {
        "model": "users.postgraduation",
        "pk": 28,
        "fields": {
            "graduation_obj": 7,
            "name": "Others"
        }
    },
    {
        "model": "users.postgraduation",
        "pk": 29,
        "fields": {
            "graduation_obj": 8,
            "name": "MA in Clinical Psychology"
        }
    },
    {
        "model": "users.postgraduation",
        "pk": 30,
        "fields": {
            "graduation_obj": 8,
            "name": "PhD in Clinical Psychology"
        }
    },
    {
        "model": "users.postgraduation",
        "pk": 31,
        "fields": {
            "graduation_obj": 8,
            "name": "Diploma"
        }
    },
    {
        "model": "users.postgraduation",
        "pk": 32,
        "fields": {
            "graduation_obj": 8,
            "name": "Others"
        }
    },
    {
        "model": "users.postgraduation",
        "pk": 33,
        "fields": {
            "graduation_obj": 9,
            "name": "Master in Veterinary & Associated Degrees"
        }
    },
    {
        "model": "users.postgraduation",
        "pk": 34,
        "fields": {
            "graduation_obj": 9,
            "name": "PG Diploma in Veterinary"
        }
    },
    {
        "model": "users.postgraduation",
        "pk": 35,
        "fields": {
            "graduation_obj": 9,
            "name": "Others"
        }
    },
    {
        "model": "users.postgraduation",
        "pk": 36,
        "fields": {
            "graduation_obj": 10,
            "name": "Master in Veterinary & Associated Degrees"
        }
    },
    {
        "model": "users.postgraduation",
        "pk": 37,
        "fields": {
            "graduation_obj": 10,
            "name": "PG Diploma in Veterinary"
        }
    },
    {
        "model": "users.postgraduation",
        "pk": 38,
        "fields": {
            "graduation_obj": 10,
            "name": "Others"
        }
    },
    {
        "model": "users.postgraduation",
        "pk": 39,
        "fields": {
            "graduation_obj": 11,
            "name": "Master in Audiology & Speech"
        }
    },
    {
        "model": "users.postgraduation",
        "pk": 40,
        "fields": {
            "graduation_obj": 11,
            "name": "Diploma"
        }
    },
    {
        "model": "users.postgraduation",
        "pk": 41,
        "fields": {
            "graduation_obj": 11,
            "name": "Others"
        }
    },
    {
        "model": "users.religion",
        "pk": 1,
        "fields": {
            "name": "Hindu"
        }
    },
    {
        "model": "users.religion",
        "pk": 2,
        "fields": {
            "name": "Muslim"
        }
    },
    {
        "model": "users.religion",
        "pk": 3,
        "fields": {
            "name": "Christain"
        }
    },
    {
        "model": "users.religion",
        "pk": 4,
        "fields": {
            "name": "Jain"
        }
    },
    {
        "model": "users.religion",
        "pk": 5,
        "fields": {
            "name": "Sikh"
        }
    },
    {
        "model": "users.religion",
        "pk": 6,
        "fields": {
            "name": "Buddhist"
        }
    },
    {
        "model": "users.religion",
        "pk": 7,
        "fields": {
            "name": "Bohra"
        }
    },
    {
        "model": "users.religion",
        "pk": 8,
        "fields": {
            "name": "Parsi"
        }
    },
    {
        "model": "users.maritalstatus",
        "pk": 1,
        "fields": {
            "name": "Bachelor"
        }
    },
    {
        "model": "users.maritalstatus",
        "pk": 2,
        "fields": {
            "name": "Divorced"
        }
    },
    {
        "model": "users.maritalstatus",
        "pk": 3,
        "fields": {
            "name": "Divorced in process"
        }
    },
    {
        "model": "users.maritalstatus",
        "pk": 4,
        "fields": {
            "name": "Widow er"
        }
    },
    {
        "model": "users.user",
        "pk": 1,
        "fields": {
            "mlp_id":"13736e20",
            "mobile_number": "917073863026",
            "name": "Mudit Mangtani",
            "email": "muditmangtani@gmail.com",
            "gender": "m",
            "dob": "2000-11-06",
            "about": null,
            "future_aspirations": null,
            "mother_tongue": null,
            "is_primary_account": true,
            "religion": 1,
            "profile_pictures": "[\"https://dev-pawfectdate.s3.amazonaws.com/DoctorImages/b3c69e0f-2f56-4272-8e19-e8bc79adab6b\"]",
            "family_photos": "[]",
            "manglik": false,
            "height": 0,
            "weight": 52,
            "salary": "10-15 LPA",
            "marital_status": 1,
            "eating_habits": "veg",
            "smoking_habits": "ns",
            "drinking_habits": "nd",
            "hobbies": "[\"Reading\", \"Sports\", \"Others\"]",
            "city": "Bangalore",
            "caste": "Marathi",
            "mandatory_questions_completed": true,
            "profile_createdby": null,
            "partner_age_preference": false,
            "partner_age_from": 0,
            "partner_age_to": 300,
            "partner_expertise_preference": true,
            "partner_religion_preference": true,
            "partner_marital_status_preference": true,
            "partner_height_preference": false,
            "partner_height_from": 0,
            "partner_height_to": 0,
            "partner_cities_preference": false,
            "partner_cities_from": "[]",
            "partner_caste_preference": false,
            "partner_caste_from": "[]",
            "is_active": true,
            "created_date": "2023-11-16T06:00:24.520Z",
            "updated_date": "2023-11-21T07:28:59.036Z"
        }
    },
    {
        "model": "users.user",
        "pk": 2,
        "fields": {
            "mlp_id":"143211a2",
            "mobile_number": "9930471797",
            "name": "",
            "email": "",
            "gender": "",
            "dob": null,
            "about": null,
            "future_aspirations": null,
            "mother_tongue": null,
            "is_primary_account": true,
            "religion": null,
            "profile_pictures": "[]",
            "family_photos": "[]",
            "manglik": false,
            "height": null,
            "weight": null,
            "salary": null,
            "marital_status": null,
            "eating_habits": null,
            "smoking_habits": null,
            "drinking_habits": null,
            "hobbies": "[]",
            "city": null,
            "caste": null,
            "mandatory_questions_completed": false,
            "profile_createdby": null,
            "partner_age_preference": false,
            "partner_age_from": null,
            "partner_age_to": null,
            "partner_expertise_preference": false,
            "partner_religion_preference": false,
            "partner_marital_status_preference": false,
            "partner_height_preference": false,
            "partner_height_from": null,
            "partner_height_to": null,
            "partner_cities_preference": false,
            "partner_cities_from": "[]",
            "partner_caste_preference": false,
            "partner_caste_from": "[]",
            "is_active": true,
            "created_date": "2023-11-10T13:32:24.652Z",
            "updated_date": "2023-11-21T07:28:59.053Z"
        }
    },
    {
        "model": "users.user",
        "pk": 3,
        "fields": {
            "mlp_id":"14ee0db4",
            "mobile_number": "917024860732",
            "name": "Kanhaiya",
            "email": "kanhaiyasisteccs2015@gmail.com",
            "gender": "m",
            "dob": "1997-12-16",
            "about": null,
            "future_aspirations": null,
            "mother_tongue": null,
            "is_primary_account": true,
            "religion": null,
            "profile_pictures": "[\"https://dev-pawfectdate.s3.amazonaws.com/DoctorImages/2ac5010a-d782-4474-a493-12d75c0e2e8f\", \"https://dev-pawfectdate.s3.amazonaws.com/DoctorImages/d291e605-51bd-44c7-981c-34a2caf8fe84\", \"https://dev-pawfectdate.s3.amazonaws.com/DoctorImages/5b0e1c33-e36e-449b-b1bb-fa0107cd3bdb\", \"https://dev-pawfectdate.s3.amazonaws.com/DoctorImages/3e9c10ba-abcd-4c53-bbb0-5377bd77caef\", \"https://dev-pawfectdate.s3.amazonaws.com/DoctorImages/43ff1ef5-b159-4aa0-83ce-fd05890a457e\"]",
            "family_photos": "[]",
            "manglik": false,
            "height": 73,
            "weight": 76,
            "salary": "10-15 LPA",
            "marital_status": null,
            "eating_habits": "non_veg",
            "smoking_habits": "rd",
            "drinking_habits": "",
            "hobbies": "[\"Sports\"]",
            "city": "Mumbai",
            "caste": "Marathi",
            "mandatory_questions_completed": false,
            "profile_createdby": null,
            "partner_age_preference": false,
            "partner_age_from": 0,
            "partner_age_to": 300,
            "partner_expertise_preference": false,
            "partner_religion_preference": false,
            "partner_marital_status_preference": true,
            "partner_height_preference": false,
            "partner_height_from": 0,
            "partner_height_to": 150,
            "partner_cities_preference": false,
            "partner_cities_from": "[]",
            "partner_caste_preference": false,
            "partner_caste_from": "[\"Marathi\"]",
            "is_active": true,
            "created_date": "2023-11-14T06:05:55.133Z",
            "updated_date": "2023-11-21T07:28:59.062Z"
        }
    },
    {
        "model": "users.user",
        "pk": 4,
        "fields": {
            "mlp_id":"1d269196",
            "mobile_number": "918980203370",
            "name": "",
            "email": "",
            "gender": "",
            "dob": null,
            "about": null,
            "future_aspirations": null,
            "mother_tongue": null,
            "is_primary_account": true,
            "religion": null,
            "profile_pictures": "[]",
            "family_photos": "[]",
            "manglik": false,
            "height": null,
            "weight": null,
            "salary": null,
            "marital_status": null,
            "eating_habits": null,
            "smoking_habits": null,
            "drinking_habits": null,
            "hobbies": "[]",
            "city": null,
            "caste": null,
            "mandatory_questions_completed": false,
            "profile_createdby": null,
            "partner_age_preference": false,
            "partner_age_from": null,
            "partner_age_to": null,
            "partner_expertise_preference": false,
            "partner_religion_preference": false,
            "partner_marital_status_preference": false,
            "partner_height_preference": false,
            "partner_height_from": null,
            "partner_height_to": null,
            "partner_cities_preference": false,
            "partner_cities_from": "[]",
            "partner_caste_preference": false,
            "partner_caste_from": "[]",
            "is_active": true,
            "created_date": "2023-11-16T09:29:11.597Z",
            "updated_date": "2023-11-21T07:28:59.078Z"
        }
    },
    {
        "model": "users.user",
        "pk": 5,
        "fields": {
            "mlp_id":"26d3ff9d",
            "mobile_number": "2303625797",
            "name": "Mudit",
            "email": "test@gmail.com",
            "gender": "m",
            "dob": "1979-01-01",
            "about": null,
            "future_aspirations": null,
            "mother_tongue": null,
            "is_primary_account": true,
            "religion": 4,
            "profile_pictures": "[\"https://dev-pawfectdate.s3.amazonaws.com/DoctorImages/77d95e4b-ad83-4485-a9ee-d4986141e4bd\", \"https://dev-pawfectdate.s3.amazonaws.com/DoctorImages/0974c781-8bca-43b7-a5c5-c602e9f634e6\"]",
            "family_photos": "[\"https://dev-pawfectdate.s3.amazonaws.com/DoctorImages/940ae9c5-401a-4f9a-8884-ecfd5fba1666\"]",
            "manglik": false,
            "height": 69,
            "weight": 67,
            "salary": "5-10 LPA",
            "marital_status": 2,
            "eating_habits": "eggitarian",
            "smoking_habits": "ns",
            "drinking_habits": "od",
            "hobbies": "[\"Sports\"]",
            "city": "Mumbai",
            "caste": "Gujarati",
            "mandatory_questions_completed": true,
            "profile_createdby": null,
            "partner_age_preference": false,
            "partner_age_from": 0,
            "partner_age_to": 300,
            "partner_expertise_preference": true,
            "partner_religion_preference": true,
            "partner_marital_status_preference": true,
            "partner_height_preference": false,
            "partner_height_from": 0,
            "partner_height_to": 150,
            "partner_cities_preference": true,
            "partner_cities_from": "[\"Bhandup\", \"Coimbatore\", \"Jalalpur\", \"Bhopal\"]",
            "partner_caste_preference": false,
            "partner_caste_from": "[\"Punjabi\", \"Gujarati\"]",
            "is_active": true,
            "created_date": "2023-11-08T05:27:05.783Z",
            "updated_date": "2023-11-21T07:28:59.045Z"
        }
    },
    {
        "model": "users.user",
        "pk": 6,
        "fields": {
            "mlp_id":"3d5c7c7e",
            "mobile_number": "8307056141",
            "name": "",
            "email": "",
            "gender": "",
            "dob": null,
            "about": null,
            "future_aspirations": null,
            "mother_tongue": null,
            "is_primary_account": false,
            "religion": null,
            "profile_pictures": "[]",
            "family_photos": "[]",
            "manglik": false,
            "height": null,
            "weight": null,
            "salary": null,
            "marital_status": null,
            "eating_habits": null,
            "smoking_habits": null,
            "drinking_habits": null,
            "hobbies": "[]",
            "city": null,
            "caste": null,
            "mandatory_questions_completed": false,
            "profile_createdby": null,
            "partner_age_preference": false,
            "partner_age_from": null,
            "partner_age_to": null,
            "partner_expertise_preference": false,
            "partner_religion_preference": false,
            "partner_marital_status_preference": false,
            "partner_height_preference": false,
            "partner_height_from": null,
            "partner_height_to": null,
            "partner_cities_preference": false,
            "partner_cities_from": "[]",
            "partner_caste_preference": false,
            "partner_caste_from": "[]",
            "is_active": true,
            "created_date": "2023-11-20T12:35:30.658Z",
            "updated_date": "2023-11-21T07:28:59.095Z"
        }
    },
    {
        "model": "users.user",
        "pk": 7,
        "fields": {
            "mlp_id":"3df4c1e9",
            "mobile_number": "918002933186",
            "name": "Jaanbaaz ",
            "email": "jaanbaaz@gmail.com",
            "gender": "m",
            "dob": "2001-01-01",
            "about": null,
            "future_aspirations": null,
            "mother_tongue": null,
            "is_primary_account": true,
            "religion": 1,
            "profile_pictures": "[\"https://dev-pawfectdate.s3.amazonaws.com/DoctorImages/b6a88222-6481-47fb-abfd-3316181f028a\", \"https://dev-pawfectdate.s3.amazonaws.com/DoctorImages/f7c52371-32c7-4937-9b38-dc3f9397e202\", \"https://dev-pawfectdate.s3.amazonaws.com/DoctorImages/0649e533-aa25-4226-99be-9a32a2f7ec3f\"]",
            "family_photos": "[\"https://dev-pawfectdate.s3.amazonaws.com/DoctorImages/6c96de9f-4cb0-4aaf-86a5-e19c7ad4ea4b\", \"https://dev-pawfectdate.s3.amazonaws.com/DoctorImages/02b1bed7-73d7-4f75-a0a4-c5f04babbcc8\", \"https://dev-pawfectdate.s3.amazonaws.com/DoctorImages/2cdb9c3c-36b8-45e7-bd98-4a4342c691f1\"]",
            "manglik": true,
            "height": 0,
            "weight": null,
            "salary": "0-5 LPA",
            "marital_status": 1,
            "eating_habits": "veg",
            "smoking_habits": "ns",
            "drinking_habits": "nd",
            "hobbies": "[\"Reading\"]",
            "city": "Mumbai",
            "caste": "Marathi",
            "mandatory_questions_completed": true,
            "profile_createdby": null,
            "partner_age_preference": true,
            "partner_age_from": 0,
            "partner_age_to": 0,
            "partner_expertise_preference": true,
            "partner_religion_preference": true,
            "partner_marital_status_preference": true,
            "partner_height_preference": true,
            "partner_height_from": 0,
            "partner_height_to": 0,
            "partner_cities_preference": true,
            "partner_cities_from": "[\"Mumbai\", \"Delhi\"]",
            "partner_caste_preference": true,
            "partner_caste_from": "[\"Marathi\"]",
            "is_active": true,
            "created_date": "2023-11-22T10:10:55.822Z",
            "updated_date": "2023-11-22T10:10:55.822Z"
        }
    },
    {
        "model": "users.user",
        "pk": 8,
        "fields": {
            "mlp_id":"486d8102",
            "mobile_number": "919573710854",
            "name": "",
            "email": "",
            "gender": "",
            "dob": null,
            "about": null,
            "future_aspirations": null,
            "mother_tongue": null,
            "is_primary_account": true,
            "religion": null,
            "profile_pictures": "[]",
            "family_photos": "[]",
            "manglik": false,
            "height": null,
            "weight": null,
            "salary": null,
            "marital_status": null,
            "eating_habits": null,
            "smoking_habits": null,
            "drinking_habits": null,
            "hobbies": "[]",
            "city": null,
            "caste": null,
            "mandatory_questions_completed": false,
            "profile_createdby": null,
            "partner_age_preference": false,
            "partner_age_from": null,
            "partner_age_to": null,
            "partner_expertise_preference": false,
            "partner_religion_preference": false,
            "partner_marital_status_preference": false,
            "partner_height_preference": false,
            "partner_height_from": null,
            "partner_height_to": null,
            "partner_cities_preference": false,
            "partner_cities_from": "[]",
            "partner_caste_preference": false,
            "partner_caste_from": "[]",
            "is_active": true,
            "created_date": "2023-11-16T12:27:45.181Z",
            "updated_date": "2023-11-21T07:28:59.073Z"
        }
    },
    {
        "model": "users.user",
        "pk": 9,
        "fields": {
            "mlp_id":"54be953a",
            "mobile_number": "919468644446",
            "name": "Raj",
            "email": "rgada28@gmail.com",
            "gender": "m",
            "dob": "1994-01-01",
            "about": null,
            "future_aspirations": null,
            "mother_tongue": null,
            "is_primary_account": true,
            "religion": 4,
            "profile_pictures": "[\"https://dev-pawfectdate.s3.amazonaws.com/DoctorImages/c2c99626-1228-4079-9087-f485bc053261\"]",
            "family_photos": "[]",
            "manglik": false,
            "height": 70,
            "weight": 74,
            "salary": "5-10 LPA",
            "marital_status": null,
            "eating_habits": "veg",
            "smoking_habits": "sd",
            "drinking_habits": "nd",
            "hobbies": "[\"Reading\"]",
            "city": "Mumbai",
            "caste": "Marathi",
            "mandatory_questions_completed": false,
            "profile_createdby": null,
            "partner_age_preference": false,
            "partner_age_from": 0,
            "partner_age_to": 300,
            "partner_expertise_preference": false,
            "partner_religion_preference": true,
            "partner_marital_status_preference": true,
            "partner_height_preference": false,
            "partner_height_from": 0,
            "partner_height_to": 150,
            "partner_cities_preference": true,
            "partner_cities_from": "[\"Vadodara\", \"Indore\", \"Bhopal\"]",
            "partner_caste_preference": false,
            "partner_caste_from": "[\"Gujarati\", \"Punjabi\", \"Marathi\"]",
            "is_active": true,
            "created_date": "2023-11-15T07:47:55.260Z",
            "updated_date": "2023-11-21T07:28:59.033Z"
        }
    },
    {
        "model": "users.user",
        "pk": 10,
        "fields": {
            "mlp_id":"5d8a9683",
            "mobile_number": "919234943409",
            "name": "",
            "email": "",
            "gender": "",
            "dob": null,
            "about": null,
            "future_aspirations": null,
            "mother_tongue": null,
            "is_primary_account": true,
            "religion": null,
            "profile_pictures": "[]",
            "family_photos": "[]",
            "manglik": false,
            "height": null,
            "weight": null,
            "salary": null,
            "marital_status": null,
            "eating_habits": null,
            "smoking_habits": null,
            "drinking_habits": null,
            "hobbies": "[]",
            "city": null,
            "caste": null,
            "mandatory_questions_completed": false,
            "profile_createdby": null,
            "partner_age_preference": false,
            "partner_age_from": null,
            "partner_age_to": null,
            "partner_expertise_preference": false,
            "partner_religion_preference": false,
            "partner_marital_status_preference": false,
            "partner_height_preference": false,
            "partner_height_from": null,
            "partner_height_to": null,
            "partner_cities_preference": false,
            "partner_cities_from": "[]",
            "partner_caste_preference": false,
            "partner_caste_from": "[]",
            "is_active": true,
            "created_date": "2023-11-16T09:20:13.334Z",
            "updated_date": "2023-11-21T07:28:59.070Z"
        }
    },
    {
        "model": "users.user",
        "pk": 11,
        "fields": {
            "mlp_id": "5e7a5a71",
            "mobile_number": "919867573811",
            "name": "mitali",
            "email": "mitalimewada21@gmail.com",
            "gender": "f",
            "dob": "1999-01-01",
            "about": null,
            "future_aspirations": null,
            "mother_tongue": null,
            "is_primary_account": true,
            "religion": null,
            "profile_pictures": "[\"https://dev-pawfectdate.s3.amazonaws.com/DoctorImages/91943d93-fbd0-42cb-81cb-0d6a4f94f549\"]",
            "family_photos": "[]",
            "manglik": false,
            "height": null,
            "weight": null,
            "salary": null,
            "marital_status": 1,
            "eating_habits": null,
            "smoking_habits": null,
            "drinking_habits": null,
            "hobbies": "[]",
            "city": null,
            "caste": null,
            "mandatory_questions_completed": false,
            "profile_createdby": null,
            "partner_age_preference": false,
            "partner_age_from": 0,
            "partner_age_to": 300,
            "partner_expertise_preference": true,
            "partner_religion_preference": true,
            "partner_marital_status_preference": false,
            "partner_height_preference": false,
            "partner_height_from": null,
            "partner_height_to": null,
            "partner_cities_preference": false,
            "partner_cities_from": "[]",
            "partner_caste_preference": false,
            "partner_caste_from": "[]",
            "is_active": true,
            "created_date": "2023-11-15T06:27:34.336Z",
            "updated_date": "2023-11-21T07:28:59.080Z"
        }
    },
    {
        "model": "users.user",
        "pk": 12,
        "fields": {
            "mlp_id":"613b4882",
            "mobile_number": "918307056141",
            "name": "",
            "email": "",
            "gender": "",
            "dob": null,
            "about": null,
            "future_aspirations": null,
            "mother_tongue": null,
            "is_primary_account": false,
            "religion": null,
            "profile_pictures": "[]",
            "family_photos": "[]",
            "manglik": false,
            "height": null,
            "weight": null,
            "salary": null,
            "marital_status": null,
            "eating_habits": null,
            "smoking_habits": null,
            "drinking_habits": null,
            "hobbies": "[]",
            "city": null,
            "caste": null,
            "mandatory_questions_completed": false,
            "profile_createdby": null,
            "partner_age_preference": false,
            "partner_age_from": null,
            "partner_age_to": null,
            "partner_expertise_preference": false,
            "partner_religion_preference": false,
            "partner_marital_status_preference": false,
            "partner_height_preference": false,
            "partner_height_from": null,
            "partner_height_to": null,
            "partner_cities_preference": false,
            "partner_cities_from": "[]",
            "partner_caste_preference": false,
            "partner_caste_from": "[]",
            "is_active": true,
            "created_date": "2023-11-20T12:27:32.132Z",
            "updated_date": "2023-11-21T07:28:59.092Z"
        }
    },
    {
        "model": "users.user",
        "pk": 13,
        "fields": {
            "mlp_id": "6c6da254",
            "mobile_number": "917056574616",
            "name": "",
            "email": "",
            "gender": "",
            "dob": null,
            "about": null,
            "future_aspirations": null,
            "mother_tongue": null,
            "is_primary_account": false,
            "religion": null,
            "profile_pictures": "[]",
            "family_photos": "[]",
            "manglik": false,
            "height": null,
            "weight": null,
            "salary": null,
            "marital_status": null,
            "eating_habits": null,
            "smoking_habits": null,
            "drinking_habits": null,
            "hobbies": "[]",
            "city": null,
            "caste": null,
            "mandatory_questions_completed": false,
            "profile_createdby": null,
            "partner_age_preference": false,
            "partner_age_from": null,
            "partner_age_to": null,
            "partner_expertise_preference": false,
            "partner_religion_preference": false,
            "partner_marital_status_preference": false,
            "partner_height_preference": false,
            "partner_height_from": null,
            "partner_height_to": null,
            "partner_cities_preference": false,
            "partner_cities_from": "[]",
            "partner_caste_preference": false,
            "partner_caste_from": "[]",
            "is_active": true,
            "created_date": "2023-11-20T13:11:35.043Z",
            "updated_date": "2023-11-21T07:28:59.100Z"
        }
    },
    {
        "model": "users.user",
        "pk": 14,
        "fields": {
            "mlp_id": "6d738db0",
            "mobile_number": "918879015625",
            "name": "",
            "email": "",
            "gender": "",
            "dob": null,
            "about": null,
            "future_aspirations": null,
            "mother_tongue": null,
            "is_primary_account": true,
            "religion": null,
            "profile_pictures": "[]",
            "family_photos": "[]",
            "manglik": false,
            "height": null,
            "weight": null,
            "salary": null,
            "marital_status": null,
            "eating_habits": null,
            "smoking_habits": null,
            "drinking_habits": null,
            "hobbies": "[]",
            "city": null,
            "caste": null,
            "mandatory_questions_completed": false,
            "profile_createdby": null,
            "partner_age_preference": false,
            "partner_age_from": null,
            "partner_age_to": null,
            "partner_expertise_preference": false,
            "partner_religion_preference": false,
            "partner_marital_status_preference": false,
            "partner_height_preference": false,
            "partner_height_from": null,
            "partner_height_to": null,
            "partner_cities_preference": false,
            "partner_cities_from": "[]",
            "partner_caste_preference": false,
            "partner_caste_from": "[]",
            "is_active": true,
            "created_date": "2023-11-09T03:58:54.032Z",
            "updated_date": "2023-11-21T07:28:59.059Z"
        }
    },
    {
        "model": "users.user",
        "pk": 15,
        "fields": {
            "mlp_id": "6e195023",
            "mobile_number": "7045891175",
            "name": "",
            "email": "",
            "gender": "",
            "dob": null,
            "about": null,
            "future_aspirations": null,
            "mother_tongue": null,
            "is_primary_account": false,
            "religion": null,
            "profile_pictures": "[]",
            "family_photos": "[]",
            "manglik": false,
            "height": null,
            "weight": null,
            "salary": null,
            "marital_status": null,
            "eating_habits": null,
            "smoking_habits": null,
            "drinking_habits": null,
            "hobbies": "[]",
            "city": null,
            "caste": null,
            "mandatory_questions_completed": false,
            "profile_createdby": null,
            "partner_age_preference": false,
            "partner_age_from": null,
            "partner_age_to": null,
            "partner_expertise_preference": false,
            "partner_religion_preference": false,
            "partner_marital_status_preference": false,
            "partner_height_preference": false,
            "partner_height_from": null,
            "partner_height_to": null,
            "partner_cities_preference": false,
            "partner_cities_from": "[]",
            "partner_caste_preference": false,
            "partner_caste_from": "[]",
            "is_active": true,
            "created_date": "2023-11-18T12:50:07.835Z",
            "updated_date": "2023-11-21T07:28:59.083Z"
        }
    },
    {
        "model": "users.user",
        "pk": 16,
        "fields": {
            "mlp_id": "6f4186cd",
            "mobile_number": "919377480025",
            "name": "",
            "email": "",
            "gender": "",
            "dob": null,
            "about": null,
            "future_aspirations": null,
            "mother_tongue": null,
            "is_primary_account": false,
            "religion": null,
            "profile_pictures": "[]",
            "family_photos": "[]",
            "manglik": false,
            "height": null,
            "weight": null,
            "salary": null,
            "marital_status": null,
            "eating_habits": null,
            "smoking_habits": null,
            "drinking_habits": null,
            "hobbies": "[]",
            "city": null,
            "caste": null,
            "mandatory_questions_completed": false,
            "profile_createdby": null,
            "partner_age_preference": false,
            "partner_age_from": null,
            "partner_age_to": null,
            "partner_expertise_preference": false,
            "partner_religion_preference": false,
            "partner_marital_status_preference": false,
            "partner_height_preference": false,
            "partner_height_from": null,
            "partner_height_to": null,
            "partner_cities_preference": false,
            "partner_cities_from": "[]",
            "partner_caste_preference": false,
            "partner_caste_from": "[]",
            "is_active": true,
            "created_date": "2023-11-21T14:01:42.385Z",
            "updated_date": "2023-11-21T14:01:42.385Z"
        }
    },
    {
        "model": "users.user",
        "pk": 17,
        "fields": {
            "mlp_id": "72f32d7e",
            "mobile_number": "919930471797",
            "name": "",
            "email": "",
            "gender": "",
            "dob": null,
            "about": null,
            "future_aspirations": null,
            "mother_tongue": null,
            "is_primary_account": false,
            "religion": null,
            "profile_pictures": "[]",
            "family_photos": "[]",
            "manglik": false,
            "height": null,
            "weight": null,
            "salary": null,
            "marital_status": null,
            "eating_habits": null,
            "smoking_habits": null,
            "drinking_habits": null,
            "hobbies": "[]",
            "city": null,
            "caste": null,
            "mandatory_questions_completed": false,
            "profile_createdby": null,
            "partner_age_preference": false,
            "partner_age_from": null,
            "partner_age_to": null,
            "partner_expertise_preference": false,
            "partner_religion_preference": false,
            "partner_marital_status_preference": false,
            "partner_height_preference": false,
            "partner_height_from": null,
            "partner_height_to": null,
            "partner_cities_preference": false,
            "partner_cities_from": "[]",
            "partner_caste_preference": false,
            "partner_caste_from": "[]",
            "is_active": true,
            "created_date": "2023-11-22T06:51:34.738Z",
            "updated_date": "2023-11-22T06:51:34.738Z"
        }
    },
    {
        "model": "users.user",
        "pk": 18,
        "fields": {
            "mlp_id": "86227252",
            "mobile_number": "911234567897",
            "name": "",
            "email": "",
            "gender": "",
            "dob": null,
            "about": null,
            "future_aspirations": null,
            "mother_tongue": null,
            "is_primary_account": true,
            "religion": null,
            "profile_pictures": "[]",
            "family_photos": "[]",
            "manglik": false,
            "height": null,
            "weight": null,
            "salary": null,
            "marital_status": null,
            "eating_habits": null,
            "smoking_habits": null,
            "drinking_habits": null,
            "hobbies": "[]",
            "city": null,
            "caste": null,
            "mandatory_questions_completed": false,
            "profile_createdby": null,
            "partner_age_preference": false,
            "partner_age_from": null,
            "partner_age_to": null,
            "partner_expertise_preference": false,
            "partner_religion_preference": false,
            "partner_marital_status_preference": false,
            "partner_height_preference": false,
            "partner_height_from": null,
            "partner_height_to": null,
            "partner_cities_preference": false,
            "partner_cities_from": "[]",
            "partner_caste_preference": false,
            "partner_caste_from": "[]",
            "is_active": true,
            "created_date": "2023-11-14T17:20:44.928Z",
            "updated_date": "2023-11-21T07:28:59.024Z"
        }
    },
    {
        "model": "users.user",
        "pk": 19,
        "fields": {
            "mlp_id": "866bf56d",
            "mobile_number": "919870481100",
            "name": "Kilton",
            "email": "kilton@gmail.com",
            "gender": "m",
            "dob": "2000-01-01",
            "about": null,
            "future_aspirations": null,
            "mother_tongue": null,
            "is_primary_account": true,
            "religion": 1,
            "profile_pictures": "[\"https://dev-pawfectdate.s3.amazonaws.com/DoctorImages/0cf9c9dd-cd86-4e82-a4df-973a4bdaad81\", \"https://dev-pawfectdate.s3.amazonaws.com/DoctorImages/a9cfafcb-e073-42a1-a113-f3a906ab8a4d\", \"https://dev-pawfectdate.s3.amazonaws.com/DoctorImages/1a806552-db3d-4b04-b84f-44c7412b0cb8\"]",
            "family_photos": "[\"https://dev-pawfectdate.s3.amazonaws.com/DoctorImages/2bf21c2e-2c55-4f7f-9263-91f06570d5e8\", \"https://dev-pawfectdate.s3.amazonaws.com/DoctorImages/6ea1b43b-ad31-4810-b425-f584ea8cc285\"]",
            "manglik": true,
            "height": 0,
            "weight": null,
            "salary": "0-5 LPA",
            "marital_status": 1,
            "eating_habits": null,
            "smoking_habits": null,
            "drinking_habits": null,
            "hobbies": "[]",
            "city": "Mumbai",
            "caste": "Marathi",
            "mandatory_questions_completed": true,
            "profile_createdby": null,
            "partner_age_preference": true,
            "partner_age_from": 23,
            "partner_age_to": 23,
            "partner_expertise_preference": true,
            "partner_religion_preference": true,
            "partner_marital_status_preference": true,
            "partner_height_preference": true,
            "partner_height_from": 0,
            "partner_height_to": 0,
            "partner_cities_preference": true,
            "partner_cities_from": "[\"Mumbai\"]",
            "partner_caste_preference": true,
            "partner_caste_from": "[\"Marathi\"]",
            "is_active": true,
            "created_date": "2023-11-15T13:49:39.428Z",
            "updated_date": "2023-11-21T07:28:59.112Z"
        }
    },
    {
        "model": "users.user",
        "pk": 20,
        "fields": {
            "mlp_id": "8df9d0d7",
            "mobile_number": "918853469658",
            "name": "Kushagra ",
            "email": "kushagra@gmail.com",
            "gender": "m",
            "dob": "2000-01-01",
            "about": null,
            "future_aspirations": null,
            "mother_tongue": null,
            "is_primary_account": true,
            "religion": 3,
            "profile_pictures": "[\"https://dev-pawfectdate.s3.amazonaws.com/DoctorImages/e3eefb60-d28e-41f1-8943-7d1960935577\"]",
            "family_photos": "[]",
            "manglik": false,
            "height": 69,
            "weight": null,
            "salary": "5-10 LPA",
            "marital_status": 1,
            "eating_habits": "veg",
            "smoking_habits": "os",
            "drinking_habits": "sd",
            "hobbies": "[\"Cooking\", \"Sports\", \"Others\"]",
            "city": "Coimbatore",
            "caste": "Marathi",
            "mandatory_questions_completed": true,
            "profile_createdby": null,
            "partner_age_preference": true,
            "partner_age_from": 23,
            "partner_age_to": 23,
            "partner_expertise_preference": true,
            "partner_religion_preference": true,
            "partner_marital_status_preference": true,
            "partner_height_preference": true,
            "partner_height_from": 50,
            "partner_height_to": 74,
            "partner_cities_preference": true,
            "partner_cities_from": "[\"Coimbatore\", \"Ghaziabad\", \"Rajkot\", \"New Delhi\"]",
            "partner_caste_preference": true,
            "partner_caste_from": "[\"Gujarati\"]",
            "is_active": true,
            "created_date": "2023-11-20T11:50:28.888Z",
            "updated_date": "2023-11-21T07:28:59.103Z"
        }
    },
    {
        "model": "users.user",
        "pk": 21,
        "fields": {
            "mlp_id": "8edde7c2",
            "mobile_number": "918888888888",
            "name": "",
            "email": "",
            "gender": "",
            "dob": null,
            "about": null,
            "future_aspirations": null,
            "mother_tongue": null,
            "is_primary_account": true,
            "religion": null,
            "profile_pictures": "[]",
            "family_photos": "[]",
            "manglik": false,
            "height": null,
            "weight": null,
            "salary": null,
            "marital_status": null,
            "eating_habits": null,
            "smoking_habits": null,
            "drinking_habits": null,
            "hobbies": "[]",
            "city": null,
            "caste": null,
            "mandatory_questions_completed": false,
            "profile_createdby": null,
            "partner_age_preference": false,
            "partner_age_from": null,
            "partner_age_to": null,
            "partner_expertise_preference": false,
            "partner_religion_preference": false,
            "partner_marital_status_preference": false,
            "partner_height_preference": false,
            "partner_height_from": null,
            "partner_height_to": null,
            "partner_cities_preference": false,
            "partner_cities_from": "[]",
            "partner_caste_preference": false,
            "partner_caste_from": "[]",
            "is_active": true,
            "created_date": "2023-11-15T07:47:07.588Z",
            "updated_date": "2023-11-21T07:28:59.067Z"
        }
    },
    {
        "model": "users.user",
        "pk": 22,
        "fields": {
            "mlp_id": "90f09a94",
            "mobile_number": "911234567890",
            "name": "",
            "email": "",
            "gender": "",
            "dob": null,
            "about": null,
            "future_aspirations": null,
            "mother_tongue": null,
            "is_primary_account": true,
            "religion": null,
            "profile_pictures": "[]",
            "family_photos": "[]",
            "manglik": false,
            "height": null,
            "weight": null,
            "salary": null,
            "marital_status": null,
            "eating_habits": null,
            "smoking_habits": null,
            "drinking_habits": null,
            "hobbies": "[]",
            "city": null,
            "caste": null,
            "mandatory_questions_completed": false,
            "profile_createdby": null,
            "partner_age_preference": false,
            "partner_age_from": null,
            "partner_age_to": null,
            "partner_expertise_preference": false,
            "partner_religion_preference": false,
            "partner_marital_status_preference": false,
            "partner_height_preference": false,
            "partner_height_from": null,
            "partner_height_to": null,
            "partner_cities_preference": false,
            "partner_cities_from": "[]",
            "partner_caste_preference": false,
            "partner_caste_from": "[]",
            "is_active": true,
            "created_date": "2023-11-14T17:33:26.289Z",
            "updated_date": "2023-11-21T07:28:59.064Z"
        }
    },
    {
        "model": "users.user",
        "pk": 23,
        "fields": {
            "mlp_id": "9d1cd45e",
            "mobile_number": "919152374140",
            "name": "Kriti",
            "email": "kriti@gmail.com",
            "gender": "f",
            "dob": "1998-05-03",
            "about": null,
            "future_aspirations": null,
            "mother_tongue": null,
            "is_primary_account": true,
            "religion": 1,
            "profile_pictures": "[\"https://dev-pawfectdate.s3.amazonaws.com/DoctorImages/e92e01f4-c048-4cd0-9083-276143d77d95\", \"https://dev-pawfectdate.s3.amazonaws.com/DoctorImages/44a0a15a-5a3f-4552-a19a-c03ffaa159cc\", \"https://dev-pawfectdate.s3.amazonaws.com/DoctorImages/ea4f5785-dd7d-44f2-af4a-dbc252e79c8d\"]",
            "family_photos": "[\"https://dev-pawfectdate.s3.amazonaws.com/DoctorImages/4bbb2f25-78ed-406a-b85a-fbb917f34a3c\", \"https://dev-pawfectdate.s3.amazonaws.com/DoctorImages/7a27002c-87ba-4cab-8b70-d90763b93bf6\"]",
            "manglik": false,
            "height": 0,
            "weight": null,
            "salary": "0-5 LPA",
            "marital_status": 1,
            "eating_habits": null,
            "smoking_habits": null,
            "drinking_habits": null,
            "hobbies": "[]",
            "city": "Mumbai",
            "caste": "Marathi",
            "mandatory_questions_completed": true,
            "profile_createdby": "Candidate",
            "partner_age_preference": false,
            "partner_age_from": 0,
            "partner_age_to": 300,
            "partner_expertise_preference": false,
            "partner_religion_preference": true,
            "partner_marital_status_preference": false,
            "partner_height_preference": true,
            "partner_height_from": 0,
            "partner_height_to": 0,
            "partner_cities_preference": true,
            "partner_cities_from": "[]",
            "partner_caste_preference": true,
            "partner_caste_from": "[]",
            "is_active": true,
            "created_date": "2023-11-20T12:14:07.277Z",
            "updated_date": "2023-11-21T07:28:59.106Z"
        }
    },
    {
        "model": "users.user",
        "pk": 24,
        "fields": {
            "mlp_id": "a1fc5a81",
            "mobile_number": "918210106539",
            "name": "Louis ",
            "email": "louis@Gmail.com",
            "gender": "m",
            "dob": "2003-01-01",
            "about": null,
            "future_aspirations": null,
            "mother_tongue": null,
            "is_primary_account": true,
            "religion": 3,
            "profile_pictures": "[\"https://dev-pawfectdate.s3.amazonaws.com/DoctorImages/57a8731b-5622-412f-8f63-eda9a1966e7f\", \"https://dev-pawfectdate.s3.amazonaws.com/DoctorImages/161d1096-0071-4b56-aadc-8f5be10fa4e1\", \"https://dev-pawfectdate.s3.amazonaws.com/DoctorImages/af72f1d7-8ec4-413e-aefc-bc6ac4d0c351\", \"https://dev-pawfectdate.s3.amazonaws.com/DoctorImages/dbb24e95-64eb-4b8c-9bd1-df3942d4744e\", \"https://dev-pawfectdate.s3.amazonaws.com/DoctorImages/1cc2277d-4f56-46fb-8c78-9080a8c42a01\", \"https://dev-pawfectdate.s3.amazonaws.com/DoctorImages/1382c696-f6ea-4253-8019-1dbde7f32abb\", \"https://dev-pawfectdate.s3.amazonaws.com/DoctorImages/c9b97744-3e95-457b-b592-492cc793a76d\"]",
            "family_photos": "[\"https://dev-pawfectdate.s3.amazonaws.com/DoctorImages/18f12e77-508f-4244-9361-b802505aab19\", \"https://dev-pawfectdate.s3.amazonaws.com/DoctorImages/73fbda15-b7e2-4416-bc71-572b9bc4ec77\", \"https://dev-pawfectdate.s3.amazonaws.com/DoctorImages/10502bed-de85-4355-904a-012dc0272957\", \"https://dev-pawfectdate.s3.amazonaws.com/DoctorImages/1e151565-281c-4ca4-bb4a-2fe1f0d3fad4\"]",
            "manglik": true,
            "height": 0,
            "weight": null,
            "salary": null,
            "marital_status": null,
            "eating_habits": null,
            "smoking_habits": null,
            "drinking_habits": null,
            "hobbies": "[]",
            "city": "Mumbai",
            "caste": null,
            "mandatory_questions_completed": true,
            "profile_createdby": null,
            "partner_age_preference": true,
            "partner_age_from": 30,
            "partner_age_to": 30,
            "partner_expertise_preference": true,
            "partner_religion_preference": true,
            "partner_marital_status_preference": false,
            "partner_height_preference": true,
            "partner_height_from": 0,
            "partner_height_to": 0,
            "partner_cities_preference": true,
            "partner_cities_from": "[\"Mumbai\"]",
            "partner_caste_preference": true,
            "partner_caste_from": "[]",
            "is_active": true,
            "created_date": "2023-11-16T07:37:40.267Z",
            "updated_date": "2023-11-21T07:28:59.115Z"
        }
    },
    {
        "model": "users.user",
        "pk": 25,
        "fields": {
            "mlp_id": "a5a19a34",
            "mobile_number": "8980203370",
            "name": "",
            "email": "",
            "gender": "",
            "dob": null,
            "about": null,
            "future_aspirations": null,
            "mother_tongue": null,
            "is_primary_account": false,
            "religion": null,
            "profile_pictures": "[]",
            "family_photos": "[]",
            "manglik": false,
            "height": null,
            "weight": null,
            "salary": null,
            "marital_status": null,
            "eating_habits": null,
            "smoking_habits": null,
            "drinking_habits": null,
            "hobbies": "[]",
            "city": null,
            "caste": null,
            "mandatory_questions_completed": false,
            "profile_createdby": null,
            "partner_age_preference": false,
            "partner_age_from": null,
            "partner_age_to": null,
            "partner_expertise_preference": false,
            "partner_religion_preference": false,
            "partner_marital_status_preference": false,
            "partner_height_preference": false,
            "partner_height_from": null,
            "partner_height_to": null,
            "partner_cities_preference": false,
            "partner_cities_from": "[]",
            "partner_caste_preference": false,
            "partner_caste_from": "[]",
            "is_active": true,
            "created_date": "2023-11-16T10:13:13.914Z",
            "updated_date": "2023-11-21T07:28:59.047Z"
        }
    },
    {
        "model": "users.user",
        "pk": 26,
        "fields": {
            "mlp_id": "c239c2e6",
            "mobile_number": "919967024322",
            "name": "",
            "email": "",
            "gender": "",
            "dob": null,
            "about": null,
            "future_aspirations": null,
            "mother_tongue": null,
            "is_primary_account": true,
            "religion": null,
            "profile_pictures": "[]",
            "family_photos": "[]",
            "manglik": false,
            "height": null,
            "weight": null,
            "salary": null,
            "marital_status": null,
            "eating_habits": null,
            "smoking_habits": null,
            "drinking_habits": null,
            "hobbies": "[]",
            "city": null,
            "caste": null,
            "mandatory_questions_completed": false,
            "profile_createdby": null,
            "partner_age_preference": false,
            "partner_age_from": null,
            "partner_age_to": null,
            "partner_expertise_preference": false,
            "partner_religion_preference": false,
            "partner_marital_status_preference": false,
            "partner_height_preference": false,
            "partner_height_from": null,
            "partner_height_to": null,
            "partner_cities_preference": false,
            "partner_cities_from": "[]",
            "partner_caste_preference": false,
            "partner_caste_from": "[]",
            "is_active": true,
            "created_date": "2023-11-20T17:13:57.419Z",
            "updated_date": "2023-11-21T07:28:59.030Z"
        }
    },
    {
        "model": "users.user",
        "pk": 27,
        "fields": {
            "mlp_id": "c6add4ba",
            "mobile_number": "919930471799",
            "name": "",
            "email": "",
            "gender": "",
            "dob": null,
            "about": null,
            "future_aspirations": null,
            "mother_tongue": null,
            "is_primary_account": false,
            "religion": null,
            "profile_pictures": "[]",
            "family_photos": "[]",
            "manglik": false,
            "height": null,
            "weight": null,
            "salary": null,
            "marital_status": null,
            "eating_habits": null,
            "smoking_habits": null,
            "drinking_habits": null,
            "hobbies": "[]",
            "city": null,
            "caste": null,
            "mandatory_questions_completed": false,
            "profile_createdby": null,
            "partner_age_preference": false,
            "partner_age_from": null,
            "partner_age_to": null,
            "partner_expertise_preference": false,
            "partner_religion_preference": false,
            "partner_marital_status_preference": false,
            "partner_height_preference": false,
            "partner_height_from": null,
            "partner_height_to": null,
            "partner_cities_preference": false,
            "partner_cities_from": "[]",
            "partner_caste_preference": false,
            "partner_caste_from": "[]",
            "is_active": true,
            "created_date": "2023-11-20T13:06:31.915Z",
            "updated_date": "2023-11-21T07:28:59.050Z"
        }
    },
    {
        "model": "users.user",
        "pk": 28,
        "fields": {
            "mlp_id": "d54d0fbe",
            "mobile_number": "7842374378",
            "name": "Karrie",
            "email": "test@gmail.com",
            "gender": "f",
            "dob": "1998-08-28",
            "about": null,
            "future_aspirations": null,
            "mother_tongue": null,
            "is_primary_account": true,
            "religion": 1,
            "profile_pictures": "[\"https://dev-pawfectdate.s3.amazonaws.com/DoctorImages/2f5293cb-81bb-4a5a-9481-3a3aa27a9dca\", \"https://dev-pawfectdate.s3.amazonaws.com/DoctorImages/4ac81cc4-0080-4dd4-b44d-37f7f8c4b94a\", \"https://dev-pawfectdate.s3.amazonaws.com/DoctorImages/4053edaf-ba95-4f0e-ae41-b56c68605d81\"]",
            "family_photos": "[\"https://dev-pawfectdate.s3.amazonaws.com/DoctorImages/940ae9c5-401a-4f9a-8884-ecfd5fba1666\"]",
            "manglik": false,
            "height": 69,
            "weight": 67,
            "salary": "5-10 LPA",
            "marital_status": 1,
            "eating_habits": "veg",
            "smoking_habits": "ns",
            "drinking_habits": "nd",
            "hobbies": "[\"Sports\"]",
            "city": "Mumbai",
            "caste": "Gujarati",
            "mandatory_questions_completed": true,
            "profile_createdby": null,
            "partner_age_preference": false,
            "partner_age_from": 0,
            "partner_age_to": 300,
            "partner_expertise_preference": true,
            "partner_religion_preference": true,
            "partner_marital_status_preference": true,
            "partner_height_preference": false,
            "partner_height_from": 0,
            "partner_height_to": 150,
            "partner_cities_preference": true,
            "partner_cities_from": "[\"Bhandup\", \"Visakhapatnam\", \"Coimbatore\", \"Jalalpur\", \"Bhopal\"]",
            "partner_caste_preference": false,
            "partner_caste_from": "[\"Punjabi\", \"Gujarati\"]",
            "is_active": true,
            "created_date": "2023-11-08T05:27:05.762Z",
            "updated_date": "2023-11-21T07:28:59.027Z"
        }
    },
    {
        "model": "users.user",
        "pk": 29,
        "fields": {
            "mlp_id": "de6e2551",
            "mobile_number": "918209025550",
            "name": "Akshat",
            "email": "akshatkhamesra3@gmail.com",
            "gender": "m",
            "dob": "1995-12-07",
            "about": null,
            "future_aspirations": null,
            "mother_tongue": null,
            "is_primary_account": true,
            "religion": null,
            "profile_pictures": "[\"https://dev-pawfectdate.s3.amazonaws.com/DoctorImages/a868c091-2ae6-4ea0-a585-e30003b28079\"]",
            "family_photos": "[]",
            "manglik": false,
            "height": 70,
            "weight": 83,
            "salary": "5-10 LPA",
            "marital_status": null,
            "eating_habits": "veg",
            "smoking_habits": "ns",
            "drinking_habits": "nd",
            "hobbies": "[\"Reading\"]",
            "city": "Mumbai",
            "caste": "Gujarati",
            "mandatory_questions_completed": false,
            "profile_createdby": null,
            "partner_age_preference": false,
            "partner_age_from": 0,
            "partner_age_to": 300,
            "partner_expertise_preference": true,
            "partner_religion_preference": true,
            "partner_marital_status_preference": true,
            "partner_height_preference": false,
            "partner_height_from": 0,
            "partner_height_to": 150,
            "partner_cities_preference": true,
            "partner_cities_from": "[\"Bhandup\"]",
            "partner_caste_preference": false,
            "partner_caste_from": "[\"Gujarati\"]",
            "is_active": true,
            "created_date": "2023-11-15T12:24:00.686Z",
            "updated_date": "2023-11-21T07:28:59.075Z"
        }
    },
    {
        "model": "users.user",
        "pk": 30,
        "fields": {
            "mlp_id": "e45850fb",
            "mobile_number": "919537310854",
            "name": "Vidisha",
            "email": "vidisha.k@esmagico.in",
            "gender": "f",
            "dob": "1994-11-18",
            "about": null,
            "future_aspirations": null,
            "mother_tongue": null,
            "is_primary_account": true,
            "religion": 1,
            "profile_pictures": "[\"https://dev-pawfectdate.s3.amazonaws.com/DoctorImages/20b2c19a-d444-4f8d-9cf5-d877601a64f5\"]",
            "family_photos": "[]",
            "manglik": false,
            "height": 180,
            "weight": 120,
            "salary": "10",
            "marital_status": 1,
            "eating_habits": "veg",
            "smoking_habits": "ns",
            "drinking_habits": "nd",
            "hobbies": "[\"Gaming\"]",
            "city": "Ahmedabad",
            "caste": "Aggrawal",
            "mandatory_questions_completed": true,
            "profile_createdby": null,
            "partner_age_preference": true,
            "partner_age_from": 0,
            "partner_age_to": 0,
            "partner_expertise_preference": true,
            "partner_religion_preference": true,
            "partner_marital_status_preference": true,
            "partner_height_preference": true,
            "partner_height_from": 170,
            "partner_height_to": 180,
            "partner_cities_preference": true,
            "partner_cities_from": "[\"Mumbai\", \"Ahmedabad\"]",
            "partner_caste_preference": true,
            "partner_caste_from": "[\"Aggrawal\"]",
            "is_active": true,
            "created_date": "2023-11-08T08:23:39.925Z",
            "updated_date": "2023-11-21T07:28:59.098Z"
        }
    },
    {
        "model": "users.user",
        "pk": 31,
        "fields": {
            "mlp_id": "e6c4ce6a",
            "mobile_number": "919892571609",
            "name": "",
            "email": "",
            "gender": "",
            "dob": null,
            "about": null,
            "future_aspirations": null,
            "mother_tongue": null,
            "is_primary_account": true,
            "religion": null,
            "profile_pictures": "[]",
            "family_photos": "[]",
            "manglik": true,
            "height": 69,
            "weight": 61,
            "salary": "5-10 LPA",
            "marital_status": null,
            "eating_habits": "veg",
            "smoking_habits": "ns",
            "drinking_habits": "nd",
            "hobbies": "[\"Reading\"]",
            "city": "Mumbai",
            "caste": "Marathi",
            "mandatory_questions_completed": false,
            "profile_createdby": null,
            "partner_age_preference": false,
            "partner_age_from": null,
            "partner_age_to": null,
            "partner_expertise_preference": false,
            "partner_religion_preference": false,
            "partner_marital_status_preference": true,
            "partner_height_preference": false,
            "partner_height_from": 0,
            "partner_height_to": 150,
            "partner_cities_preference": true,
            "partner_cities_from": "[\"Bhandup\", \"Mumbai\", \"Visakhapatnam\", \"Coimbatore\", \"Delhi\"]",
            "partner_caste_preference": false,
            "partner_caste_from": "[\"Gujarati\", \"Punjabi\"]",
            "is_active": true,
            "created_date": "2023-11-15T14:26:33.007Z",
            "updated_date": "2023-11-21T07:28:59.042Z"
        }
    },
    {
        "model": "users.user",
        "pk": 32,
        "fields": {
            "mlp_id": "ea1e3536",
            "mobile_number": "918369206686",
            "name": "Raj",
            "email": "rgada28@gmail.com",
            "gender": "m",
            "dob": "1998-08-28",
            "about": null,
            "future_aspirations": null,
            "mother_tongue": null,
            "is_primary_account": true,
            "religion": 4,
            "profile_pictures": "[\"https://dev-pawfectdate.s3.amazonaws.com/DoctorImages/e7d416de-2bfc-4939-9304-a9c3a5e01220\", \"https://dev-pawfectdate.s3.amazonaws.com/DoctorImages/eda67cd4-c61a-4c77-84c4-5abc175daac8\"]",
            "family_photos": "[]",
            "manglik": false,
            "height": 69,
            "weight": 76,
            "salary": "10-15 LPA",
            "marital_status": 1,
            "eating_habits": "jain",
            "smoking_habits": "rs",
            "drinking_habits": "rd",
            "hobbies": "[\"Reading\", \"Sports\", \"Cooking\"]",
            "city": "Mumbai",
            "caste": "Gujarati",
            "mandatory_questions_completed": true,
            "profile_createdby": "Friend",
            "partner_age_preference": true,
            "partner_age_from": 0,
            "partner_age_to": 0,
            "partner_expertise_preference": true,
            "partner_religion_preference": true,
            "partner_marital_status_preference": true,
            "partner_height_preference": true,
            "partner_height_from": 56,
            "partner_height_to": 78,
            "partner_cities_preference": false,
            "partner_cities_from": "[]",
            "partner_caste_preference": true,
            "partner_caste_from": "[\"Marathi\", \"Gujarati\", \"Punjabi\"]",
            "is_active": true,
            "created_date": "2023-11-21T13:34:42.161Z",
            "updated_date": "2023-11-21T13:34:42.161Z"
        }
    },
    {
        "model": "users.user",
        "pk": 33,
        "fields": {
            "mlp_id": "ec6aa75b",
            "mobile_number": "918591930074",
            "name": "",
            "email": "",
            "gender": "",
            "dob": null,
            "about": null,
            "future_aspirations": null,
            "mother_tongue": null,
            "is_primary_account": true,
            "religion": null,
            "profile_pictures": "[]",
            "family_photos": "[]",
            "manglik": false,
            "height": null,
            "weight": null,
            "salary": null,
            "marital_status": null,
            "eating_habits": null,
            "smoking_habits": null,
            "drinking_habits": null,
            "hobbies": "[]",
            "city": null,
            "caste": null,
            "mandatory_questions_completed": false,
            "profile_createdby": null,
            "partner_age_preference": false,
            "partner_age_from": null,
            "partner_age_to": null,
            "partner_expertise_preference": false,
            "partner_religion_preference": false,
            "partner_marital_status_preference": false,
            "partner_height_preference": false,
            "partner_height_from": null,
            "partner_height_to": null,
            "partner_cities_preference": false,
            "partner_cities_from": "[]",
            "partner_caste_preference": false,
            "partner_caste_from": "[]",
            "is_active": true,
            "created_date": "2023-11-22T08:33:12.355Z",
            "updated_date": "2023-11-22T08:33:12.355Z"
        }
    },
    {
        "model": "users.user",
        "pk": 34,
        "fields": {
            "mlp_id": "f3a8c149",
            "mobile_number": "917045891175",
            "name": "",
            "email": "",
            "gender": "",
            "dob": null,
            "about": null,
            "future_aspirations": null,
            "mother_tongue": null,
            "is_primary_account": false,
            "religion": null,
            "profile_pictures": "[]",
            "family_photos": "[]",
            "manglik": false,
            "height": null,
            "weight": null,
            "salary": null,
            "marital_status": null,
            "eating_habits": null,
            "smoking_habits": null,
            "drinking_habits": null,
            "hobbies": "[]",
            "city": null,
            "caste": null,
            "mandatory_questions_completed": false,
            "profile_createdby": null,
            "partner_age_preference": false,
            "partner_age_from": null,
            "partner_age_to": null,
            "partner_expertise_preference": false,
            "partner_religion_preference": false,
            "partner_marital_status_preference": false,
            "partner_height_preference": false,
            "partner_height_from": null,
            "partner_height_to": null,
            "partner_cities_preference": false,
            "partner_cities_from": "[]",
            "partner_caste_preference": false,
            "partner_caste_from": "[]",
            "is_active": true,
            "created_date": "2023-11-18T12:51:41.118Z",
            "updated_date": "2023-11-21T07:28:59.086Z"
        }
    },
    {
        "model": "users.user",
        "pk": 35,
        "fields": {
            "mlp_id": "f44a7df2",
            "mobile_number": "918104954492",
            "name": "",
            "email": "",
            "gender": "",
            "dob": null,
            "about": null,
            "future_aspirations": null,
            "mother_tongue": null,
            "is_primary_account": false,
            "religion": null,
            "profile_pictures": "[]",
            "family_photos": "[]",
            "manglik": false,
            "height": null,
            "weight": null,
            "salary": null,
            "marital_status": null,
            "eating_habits": null,
            "smoking_habits": null,
            "drinking_habits": null,
            "hobbies": "[]",
            "city": null,
            "caste": null,
            "mandatory_questions_completed": false,
            "profile_createdby": null,
            "partner_age_preference": false,
            "partner_age_from": null,
            "partner_age_to": null,
            "partner_expertise_preference": false,
            "partner_religion_preference": false,
            "partner_marital_status_preference": false,
            "partner_height_preference": false,
            "partner_height_from": null,
            "partner_height_to": null,
            "partner_cities_preference": false,
            "partner_cities_from": "[]",
            "partner_caste_preference": false,
            "partner_caste_from": "[]",
            "is_active": true,
            "created_date": "2023-11-16T10:40:52.487Z",
            "updated_date": "2023-11-21T07:28:59.056Z"
        }
    },
    {
        "model": "users.user",
        "pk": 36,
        "fields": {
            "mlp_id": "fc49bbfd",
            "mobile_number": "918949280476",
            "name": "krishna",
            "email": "krishna@gmail.com",
            "gender": "m",
            "dob": "1996-01-01",
            "about": null,
            "future_aspirations": null,
            "mother_tongue": null,
            "is_primary_account": true,
            "religion": null,
            "profile_pictures": "[\"https://dev-pawfectdate.s3.amazonaws.com/DoctorImages/a56516f5-b9c0-45ab-9cd2-b827833dcf3c\", \"https://dev-pawfectdate.s3.amazonaws.com/DoctorImages/10f09f89-ecda-4f97-a8ad-7a0ded7e4d0b\", \"https://dev-pawfectdate.s3.amazonaws.com/DoctorImages/59b36dc1-8b92-4c58-ace2-d7ab034fddde\"]",
            "family_photos": "[]",
            "manglik": true,
            "height": 73,
            "weight": 65,
            "salary": "0-5 LPA",
            "marital_status": null,
            "eating_habits": "veg",
            "smoking_habits": "ns",
            "drinking_habits": "nd",
            "hobbies": "[\"Reading\"]",
            "city": "Mumbai",
            "caste": "Marathi",
            "mandatory_questions_completed": false,
            "profile_createdby": null,
            "partner_age_preference": true,
            "partner_age_from": 20,
            "partner_age_to": 20,
            "partner_expertise_preference": true,
            "partner_religion_preference": true,
            "partner_marital_status_preference": false,
            "partner_height_preference": true,
            "partner_height_from": 73,
            "partner_height_to": 75,
            "partner_cities_preference": true,
            "partner_cities_from": "[\"Mumbai\", \"Delhi\", \"Pune\"]",
            "partner_caste_preference": true,
            "partner_caste_from": "[]",
            "is_active": true,
            "created_date": "2023-11-15T14:04:24.256Z",
            "updated_date": "2023-11-21T07:28:59.039Z"
        }
    },
    {
        "model": "users.user",
        "pk": 37,
        "fields": {
            "mlp_id": "fe8d4b9c",
            "mobile_number": "8104954492",
            "name": "Mudit",
            "email": "muditmangtani@gmail.com",
            "gender": "m",
            "dob": "2000-11-06",
            "about": null,
            "future_aspirations": null,
            "mother_tongue": null,
            "is_primary_account": true,
            "religion": 1,
            "profile_pictures": "[\"url1\", \"url2\"]",
            "family_photos": "[\"url1\", \"url2\"]",
            "manglik": true,
            "height": 180,
            "weight": 120,
            "salary": "10",
            "marital_status": 1,
            "eating_habits": "non_veg",
            "smoking_habits": "ns",
            "drinking_habits": "nd",
            "hobbies": "[\"Gaming\"]",
            "city": "Jaipur",
            "caste": "Sindhi",
            "mandatory_questions_completed": true,
            "profile_createdby": null,
            "partner_age_preference": true,
            "partner_age_from": 25,
            "partner_age_to": 30,
            "partner_expertise_preference": true,
            "partner_religion_preference": true,
            "partner_marital_status_preference": true,
            "partner_height_preference": true,
            "partner_height_from": 170,
            "partner_height_to": 180,
            "partner_cities_preference": true,
            "partner_cities_from": "[\"city1\", \"city2\"]",
            "partner_caste_preference": true,
            "partner_caste_from": "[\"caste1\", \"caste2\"]",
            "is_active": true,
            "created_date": "2023-11-08T08:56:25.508Z",
            "updated_date": "2023-11-21T07:28:59.089Z"
        }
    },
    {
        "model": "users.partnerexpertisepreference",
        "pk": 8,
        "fields": {
            "user": 28,
            "expertise": 2
        }
    },
    {
        "model": "users.partnerexpertisepreference",
        "pk": 9,
        "fields": {
            "user": 28,
            "expertise": 3
        }
    },
    {
        "model": "users.partnerexpertisepreference",
        "pk": 10,
        "fields": {
            "user": 28,
            "expertise": 4
        }
    },
    {
        "model": "users.partnerexpertisepreference",
        "pk": 11,
        "fields": {
            "user": 28,
            "expertise": 5
        }
    },
    {
        "model": "users.partnerexpertisepreference",
        "pk": 12,
        "fields": {
            "user": 28,
            "expertise": 6
        }
    },
    {
        "model": "users.partnerexpertisepreference",
        "pk": 13,
        "fields": {
            "user": 28,
            "expertise": 7
        }
    },
    {
        "model": "users.partnerexpertisepreference",
        "pk": 14,
        "fields": {
            "user": 28,
            "expertise": 8
        }
    },
    {
        "model": "users.partnerexpertisepreference",
        "pk": 15,
        "fields": {
            "user": 5,
            "expertise": 2
        }
    },
    {
        "model": "users.partnerexpertisepreference",
        "pk": 16,
        "fields": {
            "user": 5,
            "expertise": 3
        }
    },
    {
        "model": "users.partnerexpertisepreference",
        "pk": 17,
        "fields": {
            "user": 5,
            "expertise": 4
        }
    },
    {
        "model": "users.partnerexpertisepreference",
        "pk": 18,
        "fields": {
            "user": 5,
            "expertise": 5
        }
    },
    {
        "model": "users.partnerexpertisepreference",
        "pk": 19,
        "fields": {
            "user": 5,
            "expertise": 6
        }
    },
    {
        "model": "users.partnerexpertisepreference",
        "pk": 20,
        "fields": {
            "user": 5,
            "expertise": 7
        }
    },
    {
        "model": "users.partnerexpertisepreference",
        "pk": 21,
        "fields": {
            "user": 5,
            "expertise": 8
        }
    },
    {
        "model": "users.partnerexpertisepreference",
        "pk": 33,
        "fields": {
            "user": 11,
            "expertise": 2
        }
    },
    {
        "model": "users.partnerexpertisepreference",
        "pk": 34,
        "fields": {
            "user": 29,
            "expertise": 1
        }
    },
    {
        "model": "users.partnerexpertisepreference",
        "pk": 35,
        "fields": {
            "user": 29,
            "expertise": 2
        }
    },
    {
        "model": "users.partnerexpertisepreference",
        "pk": 36,
        "fields": {
            "user": 36,
            "expertise": 1
        }
    },
    {
        "model": "users.partnerexpertisepreference",
        "pk": 37,
        "fields": {
            "user": 1,
            "expertise": 1
        }
    },
    {
        "model": "users.partnerexpertisepreference",
        "pk": 38,
        "fields": {
            "user": 30,
            "expertise": 1
        }
    },
    {
        "model": "users.partnerexpertisepreference",
        "pk": 47,
        "fields": {
            "user": 37,
            "expertise": 1
        }
    },
    {
        "model": "users.partnerexpertisepreference",
        "pk": 48,
        "fields": {
            "user": 37,
            "expertise": 2
        }
    },
    {
        "model": "users.partnerexpertisepreference",
        "pk": 49,
        "fields": {
            "user": 37,
            "expertise": 3
        }
    },
    {
        "model": "users.partnerexpertisepreference",
        "pk": 53,
        "fields": {
            "user": 19,
            "expertise": 1
        }
    },
    {
        "model": "users.partnerexpertisepreference",
        "pk": 54,
        "fields": {
            "user": 24,
            "expertise": 1
        }
    },
    {
        "model": "users.partnerexpertisepreference",
        "pk": 55,
        "fields": {
            "user": 24,
            "expertise": 2
        }
    },
    {
        "model": "users.partnerexpertisepreference",
        "pk": 56,
        "fields": {
            "user": 24,
            "expertise": 3
        }
    },
    {
        "model": "users.partnerexpertisepreference",
        "pk": 57,
        "fields": {
            "user": 24,
            "expertise": 4
        }
    },
    {
        "model": "users.partnerexpertisepreference",
        "pk": 58,
        "fields": {
            "user": 24,
            "expertise": 5
        }
    },
    {
        "model": "users.partnerexpertisepreference",
        "pk": 59,
        "fields": {
            "user": 24,
            "expertise": 6
        }
    },
    {
        "model": "users.partnerexpertisepreference",
        "pk": 60,
        "fields": {
            "user": 24,
            "expertise": 7
        }
    },
    {
        "model": "users.partnerexpertisepreference",
        "pk": 61,
        "fields": {
            "user": 24,
            "expertise": 8
        }
    },
    {
        "model": "users.partnerexpertisepreference",
        "pk": 62,
        "fields": {
            "user": 20,
            "expertise": 7
        }
    },
    {
        "model": "users.partnerexpertisepreference",
        "pk": 64,
        "fields": {
            "user": 32,
            "expertise": 3
        }
    },
    {
        "model": "users.partnerexpertisepreference",
        "pk": 65,
        "fields": {
            "user": 32,
            "expertise": 6
        }
    },
    {
        "model": "users.partnerexpertisepreference",
        "pk": 67,
        "fields": {
            "user": 32,
            "expertise": 4
        }
    },
    {
        "model": "users.partnerexpertisepreference",
        "pk": 68,
        "fields": {
            "user": 32,
            "expertise": 5
        }
    },
    {
        "model": "users.partnerexpertisepreference",
        "pk": 69,
        "fields": {
            "user": 7,
            "expertise": 1
        }
    },
    {
        "model": "users.partnerexpertisepreference",
        "pk": 70,
        "fields": {
            "user": 7,
            "expertise": 2
        }
    },
    {
        "model": "users.partnerexpertisepreference",
        "pk": 71,
        "fields": {
            "user": 7,
            "expertise": 3
        }
    },
    {
        "model": "users.partnerexpertisepreference",
        "pk": 72,
        "fields": {
            "user": 7,
            "expertise": 4
        }
    },
    {
        "model": "users.partnerexpertisepreference",
        "pk": 73,
        "fields": {
            "user": 7,
            "expertise": 5
        }
    },
    {
        "model": "users.partnerexpertisepreference",
        "pk": 74,
        "fields": {
            "user": 7,
            "expertise": 6
        }
    },
    {
        "model": "users.partnerexpertisepreference",
        "pk": 75,
        "fields": {
            "user": 7,
            "expertise": 7
        }
    },
    {
        "model": "users.partnerexpertisepreference",
        "pk": 76,
        "fields": {
            "user": 7,
            "expertise": 8
        }
    },
    {
        "model": "users.partnerexpertisepreference",
        "pk": 77,
        "fields": {
            "user": 1,
            "expertise": 2
        }
    },
    {
        "model": "users.partnerexpertisepreference",
        "pk": 78,
        "fields": {
            "user": 1,
            "expertise": 3
        }
    },
    {
        "model": "users.partnerreligionpreference",
        "pk": 5,
        "fields": {
            "user": 28,
            "religion": 3
        }
    },
    {
        "model": "users.partnerreligionpreference",
        "pk": 6,
        "fields": {
            "user": 28,
            "religion": 4
        }
    },
    {
        "model": "users.partnerreligionpreference",
        "pk": 7,
        "fields": {
            "user": 28,
            "religion": 5
        }
    },
    {
        "model": "users.partnerreligionpreference",
        "pk": 8,
        "fields": {
            "user": 28,
            "religion": 6
        }
    },
    {
        "model": "users.partnerreligionpreference",
        "pk": 9,
        "fields": {
            "user": 5,
            "religion": 3
        }
    },
    {
        "model": "users.partnerreligionpreference",
        "pk": 10,
        "fields": {
            "user": 5,
            "religion": 4
        }
    },
    {
        "model": "users.partnerreligionpreference",
        "pk": 11,
        "fields": {
            "user": 5,
            "religion": 5
        }
    },
    {
        "model": "users.partnerreligionpreference",
        "pk": 12,
        "fields": {
            "user": 5,
            "religion": 6
        }
    },
    {
        "model": "users.partnerreligionpreference",
        "pk": 22,
        "fields": {
            "user": 11,
            "religion": 1
        }
    },
    {
        "model": "users.partnerreligionpreference",
        "pk": 24,
        "fields": {
            "user": 9,
            "religion": 3
        }
    },
    {
        "model": "users.partnerreligionpreference",
        "pk": 25,
        "fields": {
            "user": 9,
            "religion": 5
        }
    },
    {
        "model": "users.partnerreligionpreference",
        "pk": 26,
        "fields": {
            "user": 29,
            "religion": 1
        }
    },
    {
        "model": "users.partnerreligionpreference",
        "pk": 27,
        "fields": {
            "user": 29,
            "religion": 4
        }
    },
    {
        "model": "users.partnerreligionpreference",
        "pk": 28,
        "fields": {
            "user": 29,
            "religion": 5
        }
    },
    {
        "model": "users.partnerreligionpreference",
        "pk": 29,
        "fields": {
            "user": 36,
            "religion": 1
        }
    },
    {
        "model": "users.partnerreligionpreference",
        "pk": 30,
        "fields": {
            "user": 1,
            "religion": 1
        }
    },
    {
        "model": "users.partnerreligionpreference",
        "pk": 31,
        "fields": {
            "user": 1,
            "religion": 4
        }
    },
    {
        "model": "users.partnerreligionpreference",
        "pk": 33,
        "fields": {
            "user": 30,
            "religion": 1
        }
    },
    {
        "model": "users.partnerreligionpreference",
        "pk": 41,
        "fields": {
            "user": 24,
            "religion": 1
        }
    },
    {
        "model": "users.partnerreligionpreference",
        "pk": 42,
        "fields": {
            "user": 37,
            "religion": 1
        }
    },
    {
        "model": "users.partnerreligionpreference",
        "pk": 43,
        "fields": {
            "user": 37,
            "religion": 4
        }
    },
    {
        "model": "users.partnerreligionpreference",
        "pk": 45,
        "fields": {
            "user": 23,
            "religion": 1
        }
    },
    {
        "model": "users.partnerreligionpreference",
        "pk": 46,
        "fields": {
            "user": 23,
            "religion": 2
        }
    },
    {
        "model": "users.partnerreligionpreference",
        "pk": 47,
        "fields": {
            "user": 23,
            "religion": 3
        }
    },
    {
        "model": "users.partnerreligionpreference",
        "pk": 48,
        "fields": {
            "user": 23,
            "religion": 4
        }
    },
    {
        "model": "users.partnerreligionpreference",
        "pk": 49,
        "fields": {
            "user": 23,
            "religion": 5
        }
    },
    {
        "model": "users.partnerreligionpreference",
        "pk": 50,
        "fields": {
            "user": 23,
            "religion": 6
        }
    },
    {
        "model": "users.partnerreligionpreference",
        "pk": 51,
        "fields": {
            "user": 23,
            "religion": 7
        }
    },
    {
        "model": "users.partnerreligionpreference",
        "pk": 52,
        "fields": {
            "user": 23,
            "religion": 8
        }
    },
    {
        "model": "users.partnerreligionpreference",
        "pk": 53,
        "fields": {
            "user": 19,
            "religion": 1
        }
    },
    {
        "model": "users.partnerreligionpreference",
        "pk": 54,
        "fields": {
            "user": 19,
            "religion": 2
        }
    },
    {
        "model": "users.partnerreligionpreference",
        "pk": 55,
        "fields": {
            "user": 19,
            "religion": 3
        }
    },
    {
        "model": "users.partnerreligionpreference",
        "pk": 56,
        "fields": {
            "user": 19,
            "religion": 4
        }
    },
    {
        "model": "users.partnerreligionpreference",
        "pk": 57,
        "fields": {
            "user": 19,
            "religion": 5
        }
    },
    {
        "model": "users.partnerreligionpreference",
        "pk": 58,
        "fields": {
            "user": 19,
            "religion": 6
        }
    },
    {
        "model": "users.partnerreligionpreference",
        "pk": 59,
        "fields": {
            "user": 19,
            "religion": 7
        }
    },
    {
        "model": "users.partnerreligionpreference",
        "pk": 60,
        "fields": {
            "user": 19,
            "religion": 8
        }
    },
    {
        "model": "users.partnerreligionpreference",
        "pk": 61,
        "fields": {
            "user": 24,
            "religion": 3
        }
    },
    {
        "model": "users.partnerreligionpreference",
        "pk": 62,
        "fields": {
            "user": 24,
            "religion": 4
        }
    },
    {
        "model": "users.partnerreligionpreference",
        "pk": 63,
        "fields": {
            "user": 20,
            "religion": 3
        }
    },
    {
        "model": "users.partnerreligionpreference",
        "pk": 64,
        "fields": {
            "user": 32,
            "religion": 1
        }
    },
    {
        "model": "users.partnerreligionpreference",
        "pk": 65,
        "fields": {
            "user": 32,
            "religion": 4
        }
    },
    {
        "model": "users.partnerreligionpreference",
        "pk": 66,
        "fields": {
            "user": 32,
            "religion": 7
        }
    },
    {
        "model": "users.partnerreligionpreference",
        "pk": 67,
        "fields": {
            "user": 32,
            "religion": 8
        }
    },
    {
        "model": "users.partnerreligionpreference",
        "pk": 68,
        "fields": {
            "user": 7,
            "religion": 1
        }
    },
    {
        "model": "users.partnerreligionpreference",
        "pk": 69,
        "fields": {
            "user": 7,
            "religion": 2
        }
    },
    {
        "model": "users.partnerreligionpreference",
        "pk": 70,
        "fields": {
            "user": 7,
            "religion": 3
        }
    },
    {
        "model": "users.partnerreligionpreference",
        "pk": 71,
        "fields": {
            "user": 7,
            "religion": 4
        }
    },
    {
        "model": "users.partnerreligionpreference",
        "pk": 72,
        "fields": {
            "user": 7,
            "religion": 5
        }
    },
    {
        "model": "users.partnerreligionpreference",
        "pk": 73,
        "fields": {
            "user": 7,
            "religion": 6
        }
    },
    {
        "model": "users.partnerreligionpreference",
        "pk": 74,
        "fields": {
            "user": 7,
            "religion": 7
        }
    },
    {
        "model": "users.partnerreligionpreference",
        "pk": 75,
        "fields": {
            "user": 7,
            "religion": 8
        }
    },
    {
        "model": "users.partnermaritalstatuspreference",
        "pk": 3,
        "fields": {
            "user": 28,
            "marital_status": 2
        }
    },
    {
        "model": "users.partnermaritalstatuspreference",
        "pk": 4,
        "fields": {
            "user": 28,
            "marital_status": 3
        }
    },
    {
        "model": "users.partnermaritalstatuspreference",
        "pk": 5,
        "fields": {
            "user": 5,
            "marital_status": 2
        }
    },
    {
        "model": "users.partnermaritalstatuspreference",
        "pk": 6,
        "fields": {
            "user": 5,
            "marital_status": 3
        }
    },
    {
        "model": "users.partnermaritalstatuspreference",
        "pk": 10,
        "fields": {
            "user": 3,
            "marital_status": 1
        }
    },
    {
        "model": "users.partnermaritalstatuspreference",
        "pk": 11,
        "fields": {
            "user": 9,
            "marital_status": 1
        }
    },
    {
        "model": "users.partnermaritalstatuspreference",
        "pk": 12,
        "fields": {
            "user": 29,
            "marital_status": 1
        }
    },
    {
        "model": "users.partnermaritalstatuspreference",
        "pk": 13,
        "fields": {
            "user": 31,
            "marital_status": 1
        }
    },
    {
        "model": "users.partnermaritalstatuspreference",
        "pk": 14,
        "fields": {
            "user": 1,
            "marital_status": 1
        }
    },
    {
        "model": "users.partnermaritalstatuspreference",
        "pk": 15,
        "fields": {
            "user": 30,
            "marital_status": 1
        }
    },
    {
        "model": "users.partnermaritalstatuspreference",
        "pk": 22,
        "fields": {
            "user": 37,
            "marital_status": 1
        }
    },
    {
        "model": "users.partnermaritalstatuspreference",
        "pk": 23,
        "fields": {
            "user": 20,
            "marital_status": 1
        }
    },
    {
        "model": "users.partnermaritalstatuspreference",
        "pk": 24,
        "fields": {
            "user": 19,
            "marital_status": 1
        }
    },
    {
        "model": "users.partnermaritalstatuspreference",
        "pk": 25,
        "fields": {
            "user": 20,
            "marital_status": 2
        }
    },
    {
        "model": "users.partnermaritalstatuspreference",
        "pk": 26,
        "fields": {
            "user": 20,
            "marital_status": 4
        }
    },
    {
        "model": "users.partnermaritalstatuspreference",
        "pk": 27,
        "fields": {
            "user": 32,
            "marital_status": 2
        }
    },
    {
        "model": "users.partnermaritalstatuspreference",
        "pk": 28,
        "fields": {
            "user": 32,
            "marital_status": 3
        }
    },
    {
        "model": "users.partnermaritalstatuspreference",
        "pk": 29,
        "fields": {
            "user": 7,
            "marital_status": 1
        }
    },
    {
        "model": "users.userpostgraduation",
        "pk": 1,
        "fields": {
            "user": 28,
            "post_graduation": 39
        }
    },
    {
        "model": "users.userpostgraduation",
        "pk": 2,
        "fields": {
            "user": 28,
            "post_graduation": 40
        }
    },
    {
        "model": "users.userpostgraduation",
        "pk": 5,
        "fields": {
            "user": 5,
            "post_graduation": 6
        }
    },
    {
        "model": "users.userpostgraduation",
        "pk": 6,
        "fields": {
            "user": 5,
            "post_graduation": 7
        }
    },
    {
        "model": "users.userpostgraduation",
        "pk": 7,
        "fields": {
            "user": 30,
            "post_graduation": 1
        }
    },
    {
        "model": "users.userpostgraduation",
        "pk": 11,
        "fields": {
            "user": 37,
            "post_graduation": 1
        }
    },
    {
        "model": "users.userpostgraduation",
        "pk": 12,
        "fields": {
            "user": 37,
            "post_graduation": 2
        }
    },
    {
        "model": "users.userpostgraduation",
        "pk": 15,
        "fields": {
            "user": 23,
            "post_graduation": 17
        }
    },
    {
        "model": "users.userpostgraduation",
        "pk": 16,
        "fields": {
            "user": 19,
            "post_graduation": 8
        }
    },
    {
        "model": "users.userpostgraduation",
        "pk": 17,
        "fields": {
            "user": 24,
            "post_graduation": 36
        }
    },
    {
        "model": "users.userpostgraduation",
        "pk": 18,
        "fields": {
            "user": 20,
            "post_graduation": 36
        }
    },
    {
        "model": "users.userpostgraduation",
        "pk": 20,
        "fields": {
            "user": 32,
            "post_graduation": 29
        }
    },
    {
        "model": "users.userpostgraduation",
        "pk": 21,
        "fields": {
            "user": 32,
            "post_graduation": 30
        }
    },
    {
        "model": "users.userpostgraduation",
        "pk": 22,
        "fields": {
            "user": 7,
            "post_graduation": 12
        }
    },
    {
        "model": "users.userpostgraduation",
        "pk": 23,
        "fields": {
            "user": 7,
            "post_graduation": 13
        }
    },
    {
        "model": "users.userpostgraduation",
        "pk": 24,
        "fields": {
            "user": 1,
            "post_graduation": 1
        }
    },
    {
        "model": "users.userpostgraduation",
        "pk": 25,
        "fields": {
            "user": 1,
            "post_graduation": 2
        }
    },
    {
        "model": "users.userpostgraduation",
        "pk": 26,
        "fields": {
            "user": 1,
            "post_graduation": 5
        }
    },
    {
        "model": "users.linkedaccount",
        "pk": 1,
        "fields": {
            "primary_user": 30,
            "linked_user": 25,
            "relation": "sibling",
            "created_date": "2023-11-17T06:12:49.366Z",
            "updated_date": "2023-11-17T06:12:49.380Z"
        }
    },
    {
        "model": "users.linkedaccount",
        "pk": 2,
        "fields": {
            "primary_user": 30,
            "linked_user": 35,
            "relation": "relative",
            "created_date": "2023-11-17T06:12:49.366Z",
            "updated_date": "2023-11-17T06:12:49.380Z"
        }
    },
    {
        "model": "users.linkedaccount",
        "pk": 5,
        "fields": {
            "primary_user": 23,
            "linked_user": 12,
            "relation": "sibling",
            "created_date": "2023-11-20T12:27:32.135Z",
            "updated_date": "2023-11-20T12:27:32.135Z"
        }
    },
    {
        "model": "users.linkedaccount",
        "pk": 6,
        "fields": {
            "primary_user": 23,
            "linked_user": 6,
            "relation": "sibling",
            "created_date": "2023-11-20T12:35:30.661Z",
            "updated_date": "2023-11-20T12:35:30.661Z"
        }
    },
    {
        "model": "users.linkedaccount",
        "pk": 9,
        "fields": {
            "primary_user": 30,
            "linked_user": 16,
            "relation": "sibling",
            "created_date": "2023-11-21T14:01:42.387Z",
            "updated_date": "2023-11-21T14:01:42.387Z"
        }
    },
    {
        "model": "users.linkedaccount",
        "pk": 10,
        "fields": {
            "primary_user": 32,
            "linked_user": 17,
            "relation": "Friend",
            "created_date": "2023-11-22T06:42:56.759Z",
            "updated_date": "2023-11-22T06:42:56.759Z"
        }
    },
    {
        "model": "users.linkedaccount",
        "pk": 11,
        "fields": {
            "primary_user": 32,
            "linked_user": 17,
            "relation": "Friend",
            "created_date": "2023-11-22T06:44:13.003Z",
            "updated_date": "2023-11-22T06:44:13.003Z"
        }
    },
    {
        "model": "users.linkedaccount",
        "pk": 12,
        "fields": {
            "primary_user": 32,
            "linked_user": 17,
            "relation": "Friend",
            "created_date": "2023-11-22T06:45:52.275Z",
            "updated_date": "2023-11-22T06:45:52.275Z"
        }
    },
    {
        "model": "users.linkedaccount",
        "pk": 13,
        "fields": {
            "primary_user": 32,
            "linked_user": 17,
            "relation": "Friend",
            "created_date": "2023-11-22T06:46:31.787Z",
            "updated_date": "2023-11-22T06:46:31.787Z"
        }
    },
    {
        "model": "users.linkedaccount",
        "pk": 14,
        "fields": {
            "primary_user": 32,
            "linked_user": 17,
            "relation": "Friend",
            "created_date": "2023-11-22T06:47:24.549Z",
            "updated_date": "2023-11-22T06:47:24.549Z"
        }
    },
    {
        "model": "users.linkedaccount",
        "pk": 15,
        "fields": {
            "primary_user": 32,
            "linked_user": 17,
            "relation": "Friend",
            "created_date": "2023-11-22T06:47:54.876Z",
            "updated_date": "2023-11-22T06:47:54.876Z"
        }
    },
    {
        "model": "users.linkedaccount",
        "pk": 16,
        "fields": {
            "primary_user": 32,
            "linked_user": 17,
            "relation": "Friend",
            "created_date": "2023-11-22T06:48:31.084Z",
            "updated_date": "2023-11-22T06:48:31.084Z"
        }
    },
    {
        "model": "users.linkedaccount",
        "pk": 17,
        "fields": {
            "primary_user": 32,
            "linked_user": 17,
            "relation": "Friend",
            "created_date": "2023-11-22T06:49:24.422Z",
            "updated_date": "2023-11-22T06:49:24.422Z"
        }
    },
    {
        "model": "users.linkedaccount",
        "pk": 18,
        "fields": {
            "primary_user": 32,
            "linked_user": 17,
            "relation": "Friend",
            "created_date": "2023-11-22T06:51:34.740Z",
            "updated_date": "2023-11-22T06:51:34.741Z"
        }
    },
    {
        "model": "users.intrest",
        "pk": 19,
        "fields": {
            "invitation_by": 30,
            "invitation_to": 3,
            "status": "Pending",
            "created_date": "2023-11-15T04:56:08.422Z",
            "updated_date": "2023-11-15T04:56:08.422Z"
        }
    },
    {
        "model": "users.intrest",
        "pk": 21,
        "fields": {
            "invitation_by": 11,
            "invitation_to": 3,
            "status": "Pending",
            "created_date": "2023-11-15T06:32:22.156Z",
            "updated_date": "2023-11-15T06:32:22.156Z"
        }
    },
    {
        "model": "users.intrest",
        "pk": 26,
        "fields": {
            "invitation_by": 29,
            "invitation_to": 11,
            "status": "Pending",
            "created_date": "2023-11-15T12:27:04.856Z",
            "updated_date": "2023-11-15T12:27:04.856Z"
        }
    },
    {
        "model": "users.intrest",
        "pk": 27,
        "fields": {
            "invitation_by": 11,
            "invitation_to": 9,
            "status": "Pending",
            "created_date": "2023-11-15T14:06:13.396Z",
            "updated_date": "2023-11-15T14:06:13.396Z"
        }
    },
    {
        "model": "users.intrest",
        "pk": 30,
        "fields": {
            "invitation_by": 19,
            "invitation_to": 28,
            "status": "Pending",
            "created_date": "2023-11-15T15:07:23.635Z",
            "updated_date": "2023-11-15T15:07:23.635Z"
        }
    },
    {
        "model": "users.intrest",
        "pk": 31,
        "fields": {
            "invitation_by": 19,
            "invitation_to": 36,
            "status": "Pending",
            "created_date": "2023-11-15T15:11:48.770Z",
            "updated_date": "2023-11-15T15:11:48.770Z"
        }
    },
    {
        "model": "users.intrest",
        "pk": 32,
        "fields": {
            "invitation_by": 1,
            "invitation_to": 11,
            "status": "Pending",
            "created_date": "2023-11-16T06:07:44.752Z",
            "updated_date": "2023-11-16T06:07:44.752Z"
        }
    },
    {
        "model": "users.intrest",
        "pk": 35,
        "fields": {
            "invitation_by": 30,
            "invitation_to": 5,
            "status": "Pending",
            "created_date": "2023-11-16T10:03:34.667Z",
            "updated_date": "2023-11-16T10:03:34.667Z"
        }
    },
    {
        "model": "users.intrest",
        "pk": 41,
        "fields": {
            "invitation_by": 20,
            "invitation_to": 28,
            "status": "Pending",
            "created_date": "2023-11-20T11:57:45.673Z",
            "updated_date": "2023-11-20T11:57:45.673Z"
        }
    },
    {
        "model": "users.intrest",
        "pk": 54,
        "fields": {
            "invitation_by": 23,
            "invitation_to": 5,
            "status": "Pending",
            "created_date": "2023-11-20T15:01:58.577Z",
            "updated_date": "2023-11-20T15:01:58.577Z"
        }
    },
    {
        "model": "users.intrest",
        "pk": 56,
        "fields": {
            "invitation_by": 23,
            "invitation_to": 37,
            "status": "Pending",
            "created_date": "2023-11-20T16:42:08.154Z",
            "updated_date": "2023-11-20T16:42:08.154Z"
        }
    },
    {
        "model": "users.intrest",
        "pk": 57,
        "fields": {
            "invitation_by": 19,
            "invitation_to": 23,
            "status": "Pending",
            "created_date": "2023-11-20T17:32:23.282Z",
            "updated_date": "2023-11-20T17:32:23.282Z"
        }
    },
    {
        "model": "users.intrest",
        "pk": 59,
        "fields": {
            "invitation_by": 24,
            "invitation_to": 23,
            "status": "Pending",
            "created_date": "2023-11-21T07:34:40.658Z",
            "updated_date": "2023-11-21T07:34:40.658Z"
        }
    },
    {
        "model": "users.intrest",
        "pk": 60,
        "fields": {
            "invitation_by": 20,
            "invitation_to": 23,
            "status": "Pending",
            "created_date": "2023-11-21T08:15:19.972Z",
            "updated_date": "2023-11-21T08:15:19.972Z"
        }
    },
    {
        "model": "users.intrest",
        "pk": 61,
        "fields": {
            "invitation_by": 32,
            "invitation_to": 28,
            "status": "Pending",
            "created_date": "2023-11-21T17:05:19.754Z",
            "updated_date": "2023-11-21T17:05:19.754Z"
        }
    },
    {
        "model": "users.intrest",
        "pk": 62,
        "fields": {
            "invitation_by": 32,
            "invitation_to": 30,
            "status": "Pending",
            "created_date": "2023-11-22T07:36:09.328Z",
            "updated_date": "2023-11-22T07:36:09.328Z"
        }
    },
    {
        "model": "users.intrest",
        "pk": 64,
        "fields": {
            "invitation_by": 7,
            "invitation_to": 30,
            "status": "Pending",
            "created_date": "2023-11-22T10:24:31.196Z",
            "updated_date": "2023-11-22T10:24:31.196Z"
        }
    },
    {
        "model": "users.otpsession",
        "pk": 7,
        "fields": {
            "otp": "8397",
            "expires_at": "2023-11-08T09:01:25.291Z",
            "session_id": "49ebf5b7-170c-4785-abde-a4a21299ddbd",
            "identifier": "8104954492"
        }
    },
    {
        "model": "users.otpsession",
        "pk": 27,
        "fields": {
            "otp": "4371",
            "expires_at": "2023-11-10T13:37:24.423Z",
            "session_id": "571cdb3e-10f4-41b3-ae29-5fde898f3cb4",
            "identifier": "9930471797"
        }
    },
    {
        "model": "users.otpsession",
        "pk": 56,
        "fields": {
            "otp": "4094",
            "expires_at": "2023-11-14T17:25:44.708Z",
            "session_id": "ee7cd89c-4a23-4a93-a0db-69acbd2c2bd7",
            "identifier": "911234567897"
        }
    },
    {
        "model": "users.otpsession",
        "pk": 59,
        "fields": {
            "otp": "9833",
            "expires_at": "2023-11-14T17:38:26.075Z",
            "session_id": "62d961c3-d272-4d3a-a49c-2da892004fb0",
            "identifier": "911234567890"
        }
    },
    {
        "model": "users.otpsession",
        "pk": 67,
        "fields": {
            "otp": "1536",
            "expires_at": "2023-11-15T05:37:23.707Z",
            "session_id": "19e7363c-23b3-400a-82f3-a3e6baae733a",
            "identifier": "9152374140"
        }
    },
    {
        "model": "users.otpsession",
        "pk": 93,
        "fields": {
            "otp": "2608",
            "expires_at": "2023-11-15T07:52:07.310Z",
            "session_id": "c1441a95-3379-4077-8929-881454ef3082",
            "identifier": "918888888888"
        }
    },
    {
        "model": "users.otpsession",
        "pk": 147,
        "fields": {
            "otp": "9049",
            "expires_at": "2023-11-16T09:34:11.206Z",
            "session_id": "b4c46755-24e8-4d04-8283-4f1db8ca09d5",
            "identifier": "918980203370"
        }
    },
    {
        "model": "users.otpsession",
        "pk": 151,
        "fields": {
            "otp": "1234",
            "expires_at": "2023-11-16T10:18:13.909Z",
            "session_id": "bb0caf87-b967-4247-8f91-bee253e510e0",
            "identifier": "8980203370"
        }
    },
    {
        "model": "users.otpsession",
        "pk": 160,
        "fields": {
            "otp": "4306",
            "expires_at": "2023-11-16T12:32:44.845Z",
            "session_id": "2837f6b0-6c10-4add-92a1-2105fa2bee89",
            "identifier": "919573710854"
        }
    },
    {
        "model": "users.otpsession",
        "pk": 177,
        "fields": {
            "otp": "1234",
            "expires_at": "2023-11-17T08:44:58.694Z",
            "session_id": "e4f21c5b-2e71-45ff-9c70-0680dd359c41",
            "identifier": "8210106539"
        }
    },
    {
        "model": "users.otpsession",
        "pk": 178,
        "fields": {
            "otp": "1234",
            "expires_at": "2023-11-17T08:45:23.152Z",
            "session_id": "3bbdf0d1-9bd8-4e84-9dc7-0e0b3530295e",
            "identifier": "8210106539"
        }
    },
    {
        "model": "users.otpsession",
        "pk": 179,
        "fields": {
            "otp": "1234",
            "expires_at": "2023-11-17T08:45:46.018Z",
            "session_id": "3d9b6f61-2ff8-477e-8d91-89cdeeb890a1",
            "identifier": "8210106539"
        }
    },
    {
        "model": "users.otpsession",
        "pk": 180,
        "fields": {
            "otp": "1234",
            "expires_at": "2023-11-17T08:46:05.468Z",
            "session_id": "f6dfd1e3-1812-4e22-86fc-840c010fdeb4",
            "identifier": "8210106539"
        }
    },
    {
        "model": "users.otpsession",
        "pk": 181,
        "fields": {
            "otp": "1234",
            "expires_at": "2023-11-17T08:46:40.160Z",
            "session_id": "7f7782b0-cc52-417f-b0cb-923cd17aa858",
            "identifier": "8210106539"
        }
    },
    {
        "model": "users.otpsession",
        "pk": 200,
        "fields": {
            "otp": "1234",
            "expires_at": "2023-11-18T12:55:07.830Z",
            "session_id": "a00afda0-e4db-4d89-a326-4d7eec298a6e",
            "identifier": "7045891175"
        }
    },
    {
        "model": "users.otpsession",
        "pk": 208,
        "fields": {
            "otp": "9635",
            "expires_at": "2023-11-18T13:34:18.208Z",
            "session_id": "2a502b89-ce78-4af7-ad9e-f98bcae20b17",
            "identifier": "917045891175"
        }
    },
    {
        "model": "users.otpsession",
        "pk": 234,
        "fields": {
            "otp": "1234",
            "expires_at": "2023-11-20T12:32:32.128Z",
            "session_id": "7134d2f8-c75c-4360-a8c1-e1f78a6bfac9",
            "identifier": "918307056141"
        }
    },
    {
        "model": "users.otpsession",
        "pk": 236,
        "fields": {
            "otp": "1234",
            "expires_at": "2023-11-20T12:40:30.653Z",
            "session_id": "d652f504-84de-4d0a-a865-673df4de3b73",
            "identifier": "8307056141"
        }
    },
    {
        "model": "users.otpsession",
        "pk": 239,
        "fields": {
            "otp": "1234",
            "expires_at": "2023-11-20T13:11:31.911Z",
            "session_id": "14550300-464b-49a0-8118-61ab2f3a896e",
            "identifier": "919930471799"
        }
    },
    {
        "model": "users.otpsession",
        "pk": 240,
        "fields": {
            "otp": "1234",
            "expires_at": "2023-11-20T13:16:35.038Z",
            "session_id": "1a35608e-ab1a-4c14-94ea-2af705687fd8",
            "identifier": "917056574616"
        }
    },
    {
        "model": "users.otpsession",
        "pk": 245,
        "fields": {
            "otp": "3720",
            "expires_at": "2023-11-20T17:19:32.411Z",
            "session_id": "0aca7939-148d-4ba2-a788-a42744547d32",
            "identifier": "919967024322"
        }
    },
    {
        "model": "users.otpsession",
        "pk": 278,
        "fields": {
            "otp": "2117",
            "expires_at": "2023-11-21T09:49:03.541Z",
            "session_id": "08a6334d-9f79-4ad2-92ff-8e15fd06dad0",
            "identifier": "5465655646"
        }
    },
    {
        "model": "users.otpsession",
        "pk": 292,
        "fields": {
            "otp": "7354",
            "expires_at": "2023-11-21T14:09:39.370Z",
            "session_id": "3d728031-b1f7-490c-83ba-2e2d7be826af",
            "identifier": "918104954492"
        }
    },
    {
        "model": "users.authtoken",
        "pk": 2,
        "fields": {
            "user": 30,
            "token": "b231181d0259c6b8758bbed4b6077e6244be55e2",
            "created_at": "2023-11-08T08:24:12.947Z"
        }
    },
    {
        "model": "users.authtoken",
        "pk": 3,
        "fields": {
            "user": 14,
            "token": "08f35fa26c1ed1b3a69626b507cf8e2eb5003bdf",
            "created_at": "2023-11-09T03:59:38.528Z"
        }
    },
    {
        "model": "users.authtoken",
        "pk": 4,
        "fields": {
            "user": 3,
            "token": "5ee08e8eba89fbe5bc43ac7f00de2dac4e722dbe",
            "created_at": "2023-11-14T06:06:08.042Z"
        }
    },
    {
        "model": "users.authtoken",
        "pk": 8,
        "fields": {
            "user": 11,
            "token": "75728b0e81918b2e03f54c314f434e8143ebf3aa",
            "created_at": "2023-11-15T06:28:42.955Z"
        }
    },
    {
        "model": "users.authtoken",
        "pk": 9,
        "fields": {
            "user": 9,
            "token": "c7a20356f86ae3ad186a021f8d3a8eb3d06ba053",
            "created_at": "2023-11-15T07:48:28.578Z"
        }
    },
    {
        "model": "users.authtoken",
        "pk": 10,
        "fields": {
            "user": 29,
            "token": "ae5a95f44d031c571f3cc55fd4728e52553c35cb",
            "created_at": "2023-11-15T12:24:09.772Z"
        }
    },
    {
        "model": "users.authtoken",
        "pk": 15,
        "fields": {
            "user": 19,
            "token": "b630361b392a1692cc81e30936368e2fab082d57",
            "created_at": "2023-11-15T13:50:05.969Z"
        }
    },
    {
        "model": "users.authtoken",
        "pk": 16,
        "fields": {
            "user": 36,
            "token": "c5028b1d20f315f90b4ef54e81ec891a15684781",
            "created_at": "2023-11-15T14:04:59.011Z"
        }
    },
    {
        "model": "users.authtoken",
        "pk": 17,
        "fields": {
            "user": 31,
            "token": "8753447fbfb56cc345c253a42d377f4db2bbd663",
            "created_at": "2023-11-15T14:26:50.580Z"
        }
    },
    {
        "model": "users.authtoken",
        "pk": 18,
        "fields": {
            "user": 1,
            "token": "e45ec0f757816a7943d7d17b7d99a9fad128b947",
            "created_at": "2023-11-16T06:00:34.558Z"
        }
    },
    {
        "model": "users.authtoken",
        "pk": 19,
        "fields": {
            "user": 24,
            "token": "6efaaa9a683504c60ca7ab41322ebaeb7f31e59c",
            "created_at": "2023-11-16T07:38:18.740Z"
        }
    },
    {
        "model": "users.authtoken",
        "pk": 20,
        "fields": {
            "user": 10,
            "token": "fbb1c787cfd26707555e47950f089d449bc86e67",
            "created_at": "2023-11-16T09:20:46.220Z"
        }
    },
    {
        "model": "users.authtoken",
        "pk": 21,
        "fields": {
            "user": 4,
            "token": "fb5b3265b6c48c72a9dc640cee9424ad35092731",
            "created_at": "2023-11-16T10:15:09.159Z"
        }
    },
    {
        "model": "users.authtoken",
        "pk": 22,
        "fields": {
            "user": 20,
            "token": "00976b77ddb439d3fa1d44052443d0bec7bd2f08",
            "created_at": "2023-11-20T11:50:51.436Z"
        }
    },
    {
        "model": "users.authtoken",
        "pk": 23,
        "fields": {
            "user": 23,
            "token": "40c0276295b3f23fdcbd5e7f16787210e7e1b7e8",
            "created_at": "2023-11-20T12:14:22.649Z"
        }
    },
    {
        "model": "users.authtoken",
        "pk": 24,
        "fields": {
            "user": 32,
            "token": "7af5f5c1156bbec52546fd865a9ec18375994893",
            "created_at": "2023-11-21T13:34:50.848Z"
        }
    },
    {
        "model": "users.authtoken",
        "pk": 25,
        "fields": {
            "user": 33,
            "token": "d94b2993a85c0015e1d0b5c05c27b8bc28b55c17",
            "created_at": "2023-11-22T08:33:29.161Z"
        }
    },
    {
        "model": "users.authtoken",
        "pk": 26,
        "fields": {
            "user": 7,
            "token": "3feb2d6f7c8fbbd16b916d564addf284d0308b3e",
            "created_at": "2023-11-22T10:11:22.740Z"
        }
    }
]